age,tenure,balance,products_number,estimated_salary,credit_score,country,gender,credit_card,active_member,churn_actual,churn_predicted
32,3,96709.07,2,41788.37,596,1,1,0,0,0,0
43,1,0.0,2,146379.3,623,0,1,1,1,0,0
44,4,0.0,2,58561.31,601,2,0,1,0,0,0
59,8,119152.1,2,170679.74,506,1,1,1,1,0,0
27,7,124995.98,1,114669.79,560,2,0,1,1,0,0
37,8,0.0,2,149418.41,790,2,1,1,1,0,0
32,3,138901.61,1,75685.97,439,2,0,1,0,0,0
22,6,101528.61,1,70529.0,597,1,0,1,0,1,0
40,4,113794.22,1,16618.76,678,2,0,1,0,0,0
42,3,85679.25,1,164104.74,464,1,0,1,1,0,0
57,9,0.0,3,169719.35,481,0,0,1,1,1,1
56,4,0.0,1,84383.22,651,0,0,0,0,1,1
47,6,0.0,1,187391.02,850,0,1,1,0,1,1
41,2,154007.21,1,158408.23,687,1,0,1,0,0,0
19,1,110928.51,1,2766.63,696,0,1,1,1,0,0
36,5,119799.27,2,159416.58,612,2,0,1,0,0,0
57,3,0.0,2,6057.81,586,2,0,0,1,0,0
40,9,166776.6,2,172646.88,425,1,1,0,1,0,0
43,1,0.0,2,145764.4,643,2,1,1,1,0,0
37,2,0.0,2,3939.87,641,0,0,1,0,0,0
40,2,101891.1,1,183044.86,795,0,0,1,1,0,0
35,9,0.0,2,43075.7,762,0,1,1,1,0,0
44,9,0.0,2,103042.2,687,0,0,0,0,1,0
37,4,88141.1,1,109659.12,850,2,1,1,0,0,0
62,6,0.0,2,136398.9,753,0,0,1,1,0,0
49,3,204510.94,1,738.88,678,0,0,0,1,1,1
34,8,147487.23,2,66680.77,578,1,1,1,0,0,0
29,3,148874.01,2,71192.82,825,0,1,0,1,0,0
30,0,0.0,2,9002.8,696,2,0,1,1,0,0
40,10,134320.23,2,150757.35,457,0,1,1,0,0,0
30,8,141441.75,1,16278.97,680,0,0,1,1,0,0
38,10,0.0,2,30498.7,819,0,0,1,0,0,0
45,10,103821.47,2,77878.62,510,0,0,0,1,0,0
36,1,0.0,2,8555.73,567,0,1,0,0,0,0
34,5,146679.77,1,102179.86,638,2,1,1,0,0,0
56,4,99340.83,1,4523.74,579,2,1,0,0,1,1
37,9,105489.31,1,143096.49,715,1,0,0,0,1,1
34,1,0.0,2,97932.68,587,2,0,1,1,0,0
38,3,128718.78,1,114793.45,711,2,1,0,0,0,0
36,3,0.0,2,89804.83,741,0,0,1,1,0,0
38,7,148045.68,1,175479.92,688,0,1,1,0,1,0
45,0,134264.04,1,27822.99,475,0,0,1,0,1,0
36,7,0.0,2,3896.08,567,0,1,0,1,0,0
42,2,0.0,2,49826.68,440,0,1,1,0,0,0
42,6,106036.52,1,194686.78,741,0,1,1,0,1,0
41,6,70349.48,2,178074.04,582,1,1,0,1,0,0
26,4,100446.57,1,149653.81,613,0,1,0,1,0,0
43,2,69014.49,2,164621.43,692,1,0,0,0,0,0
38,5,110641.18,1,136507.69,521,0,1,0,1,1,0
35,7,147936.42,1,106785.7,759,2,0,1,1,0,0
42,2,88120.97,2,21333.22,715,1,1,1,1,0,0
39,3,152462.79,1,90305.97,711,0,0,1,0,0,0
44,6,92436.86,1,126033.9,554,0,0,1,0,0,0
35,8,110067.71,1,127678.95,651,1,1,1,0,1,0
45,3,89158.94,3,135169.76,495,2,0,1,0,1,1
39,2,0.0,1,166650.32,805,0,1,0,0,0,0
26,8,101440.36,2,19324.5,829,2,0,1,1,0,0
40,4,55776.39,2,26920.43,583,0,0,1,0,0,0
43,0,0.0,1,170072.9,686,0,0,1,1,0,0
40,6,47869.69,2,155061.97,505,1,1,1,1,0,0
30,2,128262.72,2,50771.16,528,0,1,1,0,0,0
34,4,0.0,2,6175.53,677,2,0,1,1,0,0
37,2,133200.09,1,71433.88,660,1,0,0,0,0,0
36,2,99806.85,1,36976.52,785,1,0,0,1,0,0
27,5,100912.19,1,7631.27,607,2,0,0,0,0,0
39,5,162390.52,2,54702.66,603,2,0,1,0,0,0
28,6,0.0,2,48131.92,480,0,0,0,0,0,0
68,7,153545.11,1,186574.68,656,1,1,1,1,0,0
48,1,106396.48,1,150661.42,631,1,1,1,1,1,1
35,7,147285.52,1,57807.05,604,2,0,1,1,0,0
32,5,179305.09,1,149043.78,622,0,1,1,1,0,0
42,9,133636.16,1,103315.74,601,1,0,0,1,0,0
46,2,174701.05,1,90189.72,674,0,1,1,0,1,1
31,3,0.0,1,42589.33,531,0,1,1,1,0,0
32,6,111589.33,1,170382.99,632,0,1,1,1,0,0
46,7,127476.73,2,146011.55,707,0,0,1,1,0,0
25,3,0.0,2,134509.47,723,0,1,1,1,0,0
38,7,125903.22,2,127068.92,795,1,1,1,1,0,0
45,0,0.0,2,189683.7,585,2,1,0,0,0,0
30,6,57809.32,1,188258.49,627,1,0,1,0,0,0
30,5,0.0,2,198543.09,546,0,0,0,1,0,0
66,9,111577.01,1,189271.9,571,1,0,0,1,0,0
42,1,117691.0,1,23135.65,684,1,1,1,1,1,0
45,7,139859.23,1,108402.54,636,0,0,1,1,0,0
48,3,92347.96,1,163116.75,562,0,1,1,1,0,0
48,2,69329.47,1,102640.52,482,1,0,0,0,1,1
62,8,0.0,1,165702.64,786,0,0,1,1,0,0
45,1,114959.12,1,189362.39,747,0,0,1,0,1,1
32,6,124179.3,1,138759.15,688,2,1,1,1,0,0
29,3,125689.29,1,151623.71,699,0,1,1,1,0,0
32,4,85615.66,2,156192.43,528,0,0,1,0,0,0
42,1,0.0,1,178256.58,542,0,0,1,1,1,0
50,4,0.0,2,129372.94,773,0,0,1,0,0,0
33,3,0.0,2,45348.08,675,2,1,1,0,0,0
51,7,0.0,2,43496.36,652,0,1,0,1,0,0
27,4,135096.05,1,186523.72,638,1,1,1,1,1,0
32,9,144272.07,2,176580.63,607,1,1,1,0,0,0
23,4,104753.84,2,56756.52,594,1,0,1,0,1,0
42,2,119919.12,1,156868.21,755,0,1,1,0,0,0
40,10,139930.18,1,105720.09,555,0,1,1,1,0,0
43,2,140080.32,3,157908.19,710,1,1,1,1,1,1
53,4,124954.94,1,131259.6,823,1,0,0,1,1,1
42,3,156864.2,2,88890.75,694,0,1,0,0,0,0
47,5,0.0,2,89286.29,584,0,1,1,0,0,0
33,1,129574.98,1,123300.38,740,0,1,1,1,0,0
33,7,0.0,2,158313.87,511,0,1,0,1,0,0
44,9,175303.06,1,65500.53,481,0,1,1,0,1,1
36,0,0.0,2,136675.22,488,0,0,1,0,0,0
33,7,102874.28,1,117841.06,718,0,1,0,0,0,0
41,0,119276.31,1,122284.38,523,1,1,0,0,1,1
38,2,130015.24,1,41595.3,698,0,1,1,1,0,0
51,9,138214.5,1,198715.27,555,1,0,1,0,1,1
26,1,151510.17,2,19921.72,750,0,0,1,1,0,0
33,1,158456.76,1,197000.92,779,1,1,1,1,1,0
39,6,102025.08,2,12351.01,529,0,1,1,0,0,0
33,4,0.0,2,77550.18,618,2,1,1,1,0,0
34,2,164011.48,1,199420.41,790,1,0,1,0,0,0
27,2,135277.96,1,142200.15,710,2,0,1,0,0,0
49,4,93059.34,1,7571.51,714,1,0,1,0,1,1
54,4,120952.74,1,66963.15,850,2,0,1,0,0,1
41,8,147726.98,3,172749.4,679,0,1,1,0,1,1
56,9,96951.21,1,71776.76,794,0,1,1,1,0,0
33,2,107868.14,2,146192.4,746,1,0,1,1,0,0
35,1,96473.59,1,5962.3,470,0,1,0,0,0,0
35,2,124268.64,2,84321.03,670,2,1,0,1,0,0
37,1,125529.55,1,162260.93,669,0,1,1,1,0,0
31,6,175443.75,1,113167.17,628,0,0,1,0,1,0
33,5,0.0,2,117626.9,721,2,1,0,1,0,0
43,7,119127.46,2,55809.92,597,1,0,1,0,0,0
47,8,128486.11,1,179227.12,500,2,0,1,0,0,1
33,1,137853.0,1,90273.85,494,0,0,0,1,0,0
29,4,140720.93,1,36221.18,676,0,1,1,0,0,0
31,10,67238.98,2,161811.23,524,1,0,1,1,0,0
57,5,0.0,2,56875.76,669,0,1,1,1,0,0
28,8,129991.76,2,46041.08,598,0,1,0,1,0,0
33,6,0.0,2,57975.8,577,2,0,1,0,0,0
41,9,102827.44,1,64595.25,773,2,1,0,1,0,0
31,7,155271.83,1,179446.31,602,0,1,1,1,0,0
39,10,0.0,2,98894.64,656,0,1,1,1,0,0
25,9,0.0,2,168607.74,725,0,0,1,1,0,0
34,4,185173.81,2,120834.48,699,1,1,1,0,0,0
31,6,152622.34,1,99298.8,584,1,0,1,0,0,0
51,9,155903.82,2,71159.84,628,1,0,1,1,0,0
42,6,0.0,2,34410.55,520,2,0,1,1,0,0
30,2,205770.78,2,65464.66,716,1,0,0,0,0,0
43,9,157960.49,2,136602.8,765,0,1,0,0,0,0
39,7,0.0,2,95985.64,589,0,0,0,0,0,0
57,6,0.0,1,19376.56,594,0,1,1,0,1,1
37,2,0.0,2,86372.24,521,0,1,1,1,0,0
64,6,0.0,2,15876.52,663,2,1,0,1,0,0
24,9,0.0,2,38830.72,636,0,0,0,1,0,0
26,5,0.0,2,95159.13,597,2,1,0,1,0,0
29,6,101012.77,1,32589.89,682,1,0,0,0,1,0
33,6,0.0,2,164074.89,691,0,0,1,0,0,0
34,6,146422.22,1,67142.97,680,1,1,1,0,1,0
48,6,127253.98,1,92144.09,492,0,0,1,1,1,0
36,5,174180.39,1,119830.08,684,2,0,1,0,0,0
36,7,85311.7,1,156731.91,533,0,1,0,1,0,0
28,8,0.0,2,197588.32,540,2,1,0,0,0,0
42,2,139707.28,1,2150.22,783,1,0,1,0,0,0
29,0,59697.17,2,53483.21,411,0,1,1,1,0,0
30,9,0.0,2,100995.68,526,0,1,0,0,0,0
44,9,119530.52,1,119056.68,576,1,1,1,0,1,1
47,6,0.0,1,90055.08,497,0,1,1,1,0,1
31,9,120718.28,1,58961.49,744,0,1,1,1,0,0
32,1,88938.62,1,10054.53,582,1,1,1,1,0,0
35,8,0.0,2,149614.81,452,0,0,1,1,0,0
39,2,75339.64,1,70665.16,485,0,0,1,1,0,0
46,2,157866.77,1,18986.12,850,0,0,1,1,0,0
36,8,0.0,2,161668.15,649,2,1,1,0,0,0
28,7,95357.49,1,102297.15,661,2,0,0,0,0,0
26,6,98684.15,1,133720.57,725,0,1,0,0,0,0
71,4,170252.05,3,73679.59,624,0,0,1,1,1,1
46,0,0.0,2,29388.02,668,0,1,0,0,0,0
28,3,0.0,2,181543.67,706,2,1,0,1,0,0
33,4,118082.89,1,94440.45,553,0,1,0,0,0,0
25,6,82506.72,2,167705.07,571,1,1,1,0,0,0
58,8,145984.92,1,24564.7,477,1,0,1,1,0,0
41,8,0.0,2,28276.83,696,0,0,0,0,0,0
39,6,0.0,1,24677.54,481,0,0,1,1,0,0
38,3,0.0,1,42862.82,639,0,1,1,0,0,0
35,3,96814.46,2,120511.03,810,1,1,1,1,0,0
42,8,56228.25,1,46857.52,516,0,0,1,0,0,0
59,2,104568.41,1,8059.44,662,1,1,1,0,1,1
43,2,166522.78,1,119644.59,690,1,1,0,0,1,0
38,7,0.0,2,192013.23,500,2,1,0,0,0,0
40,10,167878.5,1,151887.16,656,2,0,0,1,0,0
35,5,133087.76,1,64771.61,697,0,1,1,0,0,0
37,8,0.0,2,142.81,718,0,1,1,1,0,0
41,3,144260.5,1,172114.67,501,0,0,1,0,0,0
28,4,0.0,2,123318.37,844,0,0,0,1,0,0
75,5,0.0,2,9376.89,710,2,0,1,1,0,0
44,4,112610.77,1,2048.55,748,0,1,0,1,0,0
69,9,93320.8,1,24489.44,494,0,1,1,1,0,0
47,3,130747.1,1,143829.54,757,0,1,1,0,0,1
32,8,111537.23,4,9497.99,497,1,0,1,1,1,1
38,6,73023.17,2,78770.86,744,1,1,1,0,0,0
28,5,0.0,2,48606.92,591,0,1,1,1,0,0
48,10,138333.03,1,47679.14,638,0,0,1,1,0,0
46,2,79385.21,2,188492.82,581,2,1,0,0,0,0
40,1,84315.02,1,36209.1,604,0,1,0,0,0,0
53,2,0.0,2,28045.77,571,0,0,1,0,0,1
38,3,54901.01,1,140075.55,850,1,1,1,1,0,0
54,0,78126.28,1,153482.91,596,2,0,1,1,1,0
31,9,120962.59,1,5419.31,528,0,1,1,0,0,0
39,3,135096.77,1,14353.43,542,0,1,1,1,1,0
39,2,47685.47,2,86019.48,683,1,0,1,1,0,0
48,4,101238.24,2,177815.87,698,0,1,0,1,1,0
34,3,0.0,2,159638.77,655,0,0,1,0,0,0
30,6,63669.42,1,145111.37,729,1,1,1,0,0,0
36,6,124445.52,1,88481.32,646,0,1,1,0,0,0
40,8,102800.65,1,60811.56,850,0,1,1,0,0,0
43,2,116322.27,4,35640.12,665,1,0,1,0,1,1
49,4,96252.98,2,104263.82,601,1,0,1,0,0,0
38,1,0.0,2,156858.2,694,0,1,0,1,0,0
36,9,0.0,1,3749.0,732,0,0,0,0,1,0
30,9,0.0,2,157871.55,679,0,1,1,0,0,0
40,6,136093.74,1,193408.43,487,2,0,0,1,0,0
50,4,146710.76,1,16528.4,792,1,0,1,0,1,1
31,4,58662.92,2,73322.0,472,0,1,0,1,0,0
46,7,111288.18,1,149170.25,706,1,0,1,1,1,1
35,8,122570.69,1,199005.88,708,2,0,0,0,0,0
39,4,182491.57,1,185830.72,477,1,0,1,0,0,0
24,6,0.0,2,37654.31,512,0,1,1,0,0,0
50,4,127552.85,2,4225.11,737,1,1,1,0,0,1
54,9,97382.53,1,195771.95,572,1,0,1,1,0,1
36,8,102603.3,2,180693.61,747,1,1,1,1,0,0
40,0,115465.98,1,60622.61,691,0,0,1,1,0,0
66,4,159732.02,1,118188.15,692,0,1,1,1,0,0
32,9,141827.33,2,149458.73,850,1,1,1,1,0,0
27,8,132576.25,1,7222.92,531,2,1,0,0,0,0
61,5,110368.03,1,11384.45,487,1,0,0,0,1,1
42,9,118546.71,1,77142.85,709,0,1,0,1,0,0
36,9,0.0,1,19605.18,745,0,0,1,0,1,0
39,7,0.0,2,71323.23,492,0,1,0,1,0,0
22,7,114415.84,1,177497.4,719,0,0,1,1,0,0
42,3,92578.14,2,70810.6,690,0,0,0,0,0,0
32,4,108235.91,1,143783.28,558,1,1,1,1,0,0
34,10,148962.46,1,66389.43,651,1,0,1,0,1,0
36,10,123187.51,1,146111.35,592,1,1,0,1,0,0
34,3,106288.54,1,36639.25,608,1,1,1,1,0,0
36,1,138992.48,2,122373.42,430,1,1,0,0,0,0
34,1,96645.54,2,171413.66,665,0,0,0,0,0,0
46,7,0.0,2,67769.94,745,0,0,1,1,0,0
46,9,135555.66,1,133146.03,528,1,0,1,0,1,1
37,6,103772.45,1,197111.99,528,0,1,1,0,0,0
33,5,83134.3,1,187946.55,491,0,1,1,0,0,0
32,2,0.0,2,140579.17,674,2,1,1,0,0,0
43,8,85957.88,2,8757.39,674,1,1,1,0,0,0
32,2,0.0,4,179705.13,745,0,0,0,1,1,1
28,2,134571.5,1,118313.38,777,0,0,0,1,0,0
36,10,0.0,2,109614.57,524,0,0,1,0,0,0
28,7,0.0,2,5177.62,657,0,0,0,1,0,0
49,6,128663.9,1,65769.3,850,0,1,1,0,1,0
38,1,0.0,2,35644.79,676,0,1,0,1,0,0
31,9,0.0,1,164257.37,828,0,1,0,1,0,0
39,6,92126.26,2,112973.34,734,2,0,0,0,0,0
38,3,124483.53,1,126253.31,678,2,1,1,0,0,0
34,4,91562.99,1,123954.15,651,0,1,1,1,0,0
30,6,0.0,2,8991.17,710,0,1,1,1,0,0
64,8,128751.65,2,189398.18,661,1,0,1,0,1,1
47,2,127286.04,2,166929.43,539,0,0,1,1,1,0
46,8,0.0,2,133059.15,646,0,0,1,0,0,0
41,5,110624.99,1,89327.67,518,1,0,1,0,0,0
29,5,101713.84,3,134594.99,593,1,0,1,0,0,1
33,9,111060.05,2,110371.84,559,0,1,1,0,0,0
27,7,129810.6,1,59259.44,817,1,0,1,1,0,0
36,1,126477.42,1,179718.17,592,0,1,0,0,0,0
28,5,118890.81,1,145157.97,632,0,0,0,1,0,0
31,6,109052.59,2,19448.93,694,1,1,1,1,1,0
30,9,0.0,1,174971.64,700,0,0,1,1,0,0
33,6,0.0,2,59129.72,629,0,0,1,1,0,0
42,1,75681.52,1,57098.0,427,1,1,1,1,0,0
46,6,0.0,2,170008.74,801,2,0,1,1,0,0
29,1,0.0,1,180345.44,654,0,1,1,0,0,0
40,5,62389.03,3,148623.43,596,1,1,1,0,1,1
40,7,0.0,2,102233.73,578,0,0,0,0,0,0
36,7,135216.8,1,122022.89,591,2,1,1,1,0,0
37,5,124053.03,1,118591.67,730,1,0,1,0,0,0
31,7,117799.28,1,182372.35,811,0,1,1,1,0,0
41,5,57568.94,1,61128.29,749,0,1,1,1,0,0
46,4,0.0,3,93251.42,646,0,0,1,0,1,1
48,9,116711.06,2,76373.38,671,1,0,0,0,0,0
29,7,102609.0,1,163257.44,607,1,1,1,0,0,0
28,5,95328.6,1,6129.61,689,2,0,1,0,1,0
38,7,143006.7,1,15650.89,661,2,1,1,1,0,0
30,10,100548.67,2,136983.77,646,1,0,0,0,0,0
38,0,122447.76,1,67339.34,565,2,1,0,0,0,0
53,4,113709.28,1,153887.93,774,0,1,1,1,1,0
40,3,0.0,2,96832.82,785,0,0,1,1,0,0
40,7,0.0,2,122518.5,703,0,0,0,1,0,0
34,5,122952.9,2,154360.97,490,0,1,0,0,0,0
33,0,122325.58,1,34712.34,786,1,0,0,0,1,0
33,2,101286.11,1,159840.51,665,0,1,1,1,0,0
45,8,84692.5,1,67214.02,592,2,1,0,1,0,0
39,3,109698.41,1,88391.29,637,1,0,1,1,1,0
40,1,101514.89,1,121765.0,811,0,1,1,1,0,0
28,7,139246.22,2,106799.49,488,1,0,1,0,0,0
52,6,0.0,2,123622.0,449,0,1,0,1,0,0
47,10,90450.0,2,103379.31,723,1,0,0,0,1,0
41,4,132670.53,1,156476.36,606,1,0,1,0,1,0
32,9,0.0,2,30807.02,707,0,1,0,0,0,0
30,8,127406.5,1,192950.6,573,1,1,1,0,0,0
31,3,78990.15,1,124777.14,676,0,1,1,1,0,0
33,5,150092.8,1,71862.79,605,2,1,0,0,0,0
27,1,116320.68,1,45563.94,568,2,0,0,1,0,0
38,10,0.0,2,189727.12,729,2,0,1,0,0,0
35,10,74988.59,2,190155.13,554,0,0,0,1,0,0
34,4,91622.42,1,136603.42,539,1,0,1,1,0,0
36,5,119984.07,1,191535.11,850,1,1,1,0,1,0
40,4,78119.59,4,119259.34,689,1,0,1,0,1,1
41,4,130385.82,1,130661.95,615,0,1,0,1,0,0
39,1,0.0,1,28184.7,539,0,1,1,1,0,0
24,7,0.0,2,144660.42,601,2,1,0,0,0,0
36,3,145747.67,2,89566.74,678,1,1,0,1,0,0
36,0,136980.23,2,99019.65,850,1,0,1,1,0,0
39,3,0.0,2,12465.51,517,2,1,0,1,0,0
34,5,127758.09,1,143357.03,793,1,0,1,0,0,0
33,1,118392.75,1,157564.75,579,0,0,1,1,0,0
39,8,0.0,2,56214.09,709,0,1,1,0,0,0
57,6,90212.0,1,13911.27,646,1,0,1,0,1,1
35,5,121863.61,1,23481.69,587,1,1,1,1,1,0
41,6,0.0,2,169203.51,849,0,0,1,1,1,0
37,2,97324.91,1,23291.83,660,0,1,1,0,0,0
39,5,124586.93,1,93132.61,627,1,0,1,0,1,0
51,1,0.0,2,56908.41,547,0,0,1,1,0,0
39,2,129709.62,1,173197.12,554,0,1,1,0,0,0
54,7,128914.97,1,191746.23,678,0,1,0,0,1,1
28,10,113690.83,1,33114.24,605,1,1,1,0,0,0
44,4,123322.15,1,137136.29,757,0,0,1,0,0,0
34,6,0.0,2,197283.2,625,0,1,0,0,0,0
33,7,154969.79,2,99505.75,841,1,0,1,1,0,0
40,4,0.0,2,105433.53,557,2,0,0,1,0,0
33,4,156297.58,2,166102.61,520,0,1,1,1,0,0
20,8,137624.4,2,197582.79,688,0,1,1,1,0,0
29,1,96462.25,2,48986.18,833,1,1,0,1,0,0
38,0,38848.19,2,94003.11,730,1,1,0,0,0,0
23,6,166594.78,1,155823.2,704,0,1,1,1,0,0
34,6,0.0,2,116046.22,643,2,1,1,1,0,0
48,2,109349.29,1,88703.04,540,0,1,1,0,1,1
44,10,0.0,2,164287.86,626,0,1,0,0,0,0
30,5,32197.64,1,141446.01,640,1,0,0,1,0,0
35,3,0.0,2,66331.01,705,0,0,0,1,0,0
62,9,137727.34,2,121102.9,584,1,0,0,1,0,0
41,6,0.0,1,167621.18,577,0,1,1,1,0,0
40,2,97001.36,2,154486.01,566,1,0,1,0,0,0
35,1,121952.75,2,142839.82,646,1,0,1,1,0,0
34,0,0.0,2,185555.63,661,0,0,1,0,0,0
42,8,102870.93,1,103764.55,658,0,1,0,1,1,0
22,10,0.0,1,101311.95,521,2,0,1,1,0,0
31,8,0.0,1,76456.17,616,0,0,0,1,0,0
67,4,103267.8,1,78310.04,838,2,0,1,1,0,0
45,2,0.0,2,162922.65,709,2,0,0,1,0,0
38,1,0.0,2,156603.7,823,0,1,1,0,0,0
41,10,0.0,2,47468.56,727,2,0,0,1,0,0
50,10,128039.01,1,102260.16,682,2,0,1,1,0,0
41,10,136733.24,1,57589.29,527,1,0,1,1,0,0
39,6,111169.91,1,9641.4,605,0,1,0,0,0,0
38,8,0.0,1,103760.53,649,2,0,1,0,0,0
36,6,147733.64,1,172501.38,679,0,1,0,1,0,0
26,6,114450.32,1,14081.64,582,1,1,1,1,0,0
36,7,0.0,2,80619.09,530,2,0,1,0,0,0
33,3,83501.66,2,128841.31,775,1,1,1,0,0,0
56,5,90778.76,2,162223.67,603,2,0,1,0,1,1
40,1,140197.71,2,150720.39,495,0,0,1,0,0,0
37,7,128645.67,1,92149.64,668,0,0,1,0,0,0
45,2,99169.67,2,78650.95,737,1,0,1,1,0,0
35,6,0.0,2,58879.11,659,0,1,1,1,0,0
48,0,0.0,1,85081.09,530,0,0,1,0,0,1
45,9,0.0,2,17622.82,634,0,1,0,0,0,0
63,9,97009.15,1,85101.0,486,0,1,1,1,0,0
29,9,133681.78,1,153747.73,836,0,0,1,1,0,0
63,8,0.0,2,115291.86,510,0,1,1,1,0,0
24,4,0.0,2,193518.76,809,0,0,1,0,0,0
33,2,139451.67,1,63142.12,596,0,1,0,0,0,0
48,7,123764.95,1,169952.82,717,0,1,1,1,0,0
39,7,130051.66,2,55356.39,737,2,0,0,0,1,0
37,3,0.0,2,78915.68,543,2,1,1,1,0,0
36,8,108239.11,2,99444.02,761,1,1,0,0,0,0
23,2,0.0,2,189613.12,545,0,1,1,0,0,0
38,8,103653.51,2,137079.86,608,1,0,1,1,0,0
33,7,136082.0,1,62746.54,537,2,0,1,0,0,0
88,10,0.0,2,52952.24,513,2,1,1,1,0,0
31,7,104158.84,1,134169.85,664,0,0,1,0,0,0
55,4,126817.65,2,123269.71,499,1,0,1,0,0,1
50,8,160139.59,2,79314.1,703,0,1,1,1,0,0
29,1,209490.21,1,133267.69,706,2,0,1,1,1,0
23,6,0.0,2,153229.19,598,2,0,1,0,0,0
39,8,0.0,1,94263.44,743,0,0,1,0,0,0
32,5,106807.64,1,76998.69,722,1,0,1,1,0,0
50,0,104129.24,2,181794.86,646,0,1,1,0,1,0
25,3,0.0,2,120790.02,599,2,1,1,1,0,0
32,7,127785.17,4,184464.7,704,0,1,0,0,1,1
54,6,0.0,1,110273.84,675,0,1,1,0,1,1
22,7,125265.61,1,161253.08,590,2,1,1,1,0,0
28,0,0.0,2,119419.37,644,2,1,1,0,0,0
38,7,115378.94,1,162087.82,850,2,1,0,1,0,0
31,9,0.0,2,41291.73,668,0,0,0,0,0,0
28,7,160376.61,1,196853.11,715,0,1,0,0,0,0
35,7,0.0,2,65951.65,635,2,0,1,1,0,0
50,2,115625.07,1,185855.21,601,0,1,1,0,0,1
50,1,78737.61,1,13018.96,741,2,1,1,1,0,0
28,8,0.0,2,105159.89,711,0,0,0,0,0,0
38,4,74306.19,2,154395.56,664,0,0,1,0,0,0
31,6,91125.75,1,177295.92,672,0,1,1,0,0,0
24,8,0.0,2,61349.37,796,0,1,1,0,0,0
30,4,140916.81,1,157711.18,543,0,1,1,0,0,0
45,7,120961.5,3,39288.11,515,1,1,1,1,1,1
29,3,0.0,2,153392.28,620,0,0,0,1,0,0
30,8,112013.81,1,177772.03,584,1,0,1,0,1,0
39,10,136258.06,1,89199.51,686,2,1,0,0,0,0
50,0,159304.07,1,155915.24,573,2,1,0,1,1,0
34,1,129398.01,2,44965.44,757,1,0,0,0,0,0
33,1,84309.57,2,103914.4,657,0,1,0,0,0,0
58,2,101579.28,1,72168.53,739,0,1,1,1,0,0
29,5,0.0,2,178779.52,832,0,0,1,0,0,0
26,0,110654.02,1,111879.21,682,0,0,0,1,0,0
38,5,0.0,2,16491.64,850,0,1,1,0,0,0
40,8,122038.34,1,102085.35,699,0,0,1,0,0,0
33,5,84557.82,1,69039.43,765,2,0,1,1,0,0
29,4,153040.03,1,131363.57,570,0,0,1,1,1,0
25,7,106570.34,2,177025.79,595,1,0,0,1,0,0
31,3,121237.65,1,31022.56,850,2,0,1,1,0,0
32,5,0.0,2,84871.99,561,0,1,1,0,0,0
41,2,0.0,2,113089.43,521,0,0,1,1,0,0
43,6,116121.67,1,61602.42,702,2,1,1,0,0,0
42,8,132796.04,3,191821.35,619,1,0,1,1,1,1
32,4,0.0,2,54405.79,555,2,1,1,1,0,0
39,2,151963.26,2,158948.63,579,2,0,1,0,0,0
53,9,0.0,1,125692.07,544,2,0,1,0,1,1
19,7,143390.51,1,33282.84,792,0,1,1,0,0,0
30,8,154159.51,1,40441.1,659,1,0,1,0,0,0
35,8,102742.91,2,189339.6,460,1,0,1,1,0,0
39,8,146200.01,1,177944.64,557,0,1,1,0,0,0
31,0,125175.58,1,72757.33,564,2,1,1,1,0,0
38,2,126444.08,2,82662.73,489,1,1,1,1,0,0
35,4,174588.8,2,158420.14,629,2,1,0,1,0,0
29,3,0.0,2,142238.54,586,0,1,1,1,0,0
33,6,0.0,2,184230.23,628,0,1,0,0,0,0
46,9,66582.81,1,78753.12,749,2,0,1,0,1,1
32,1,125685.79,1,56246.72,703,0,1,1,1,0,0
41,7,109508.68,1,86776.38,790,2,0,0,0,0,0
64,3,0.0,2,75272.63,733,0,1,1,1,0,0
31,8,0.0,1,141677.33,591,2,1,1,1,0,0
32,6,118879.35,2,19131.71,640,2,0,1,1,0,0
34,6,0.0,1,63173.64,565,0,1,1,1,0,0
40,5,125909.85,1,95124.4,556,0,1,1,1,0,0
33,5,127343.4,1,121789.3,555,2,1,0,1,0,0
43,9,121152.05,2,64166.7,738,1,1,1,0,1,0
30,9,0.0,2,136827.96,799,0,0,1,0,0,0
31,5,121192.22,2,74890.58,737,1,1,1,1,0,0
38,4,60013.81,1,38020.05,601,0,1,1,1,0,0
34,6,83264.28,1,9663.28,685,2,1,0,0,0,0
26,1,148853.29,2,24411.02,558,1,1,1,1,0,0
35,1,104783.81,2,178512.52,571,0,0,0,1,0,0
44,6,0.0,2,167162.43,623,0,0,0,0,0,0
33,5,164704.38,1,180716.1,602,0,1,0,1,1,0
30,5,136650.89,1,41865.72,689,1,0,1,1,1,0
33,6,0.0,2,190686.16,712,0,0,1,1,0,0
55,8,0.0,2,139161.64,664,0,1,1,1,0,0
28,3,157597.61,1,34097.22,627,2,0,0,1,0,0
23,4,115636.05,2,70400.86,651,2,1,1,0,0,0
47,6,128252.66,1,168053.4,697,0,0,1,1,0,0
22,3,118680.57,1,49829.8,579,2,1,1,1,0,0
32,4,109196.67,2,55218.02,836,1,0,1,0,0,0
49,1,150777.72,2,135757.27,551,2,1,1,1,0,0
36,7,0.0,2,80134.65,749,2,1,0,0,0,0
38,8,107283.4,1,157442.75,549,0,0,0,0,0,0
42,0,0.0,1,91981.85,682,0,0,0,1,1,0
37,9,115217.99,2,144995.33,486,1,1,1,0,0,0
35,2,165692.91,1,197984.58,480,0,1,1,1,0,0
34,9,106937.05,2,138275.01,630,1,0,1,0,0,0
44,1,152086.15,1,44719.5,577,1,0,0,1,1,0
35,9,107944.33,2,48478.47,690,0,0,0,0,0,0
26,1,80780.16,1,19225.85,726,2,0,1,1,0,0
26,5,0.0,2,119381.41,572,2,0,1,0,0,0
40,7,0.0,2,176547.8,461,0,0,1,0,0,0
55,7,0.0,1,171762.87,850,2,0,0,0,1,1
34,1,78829.53,1,12148.2,561,0,1,1,1,0,0
34,2,146407.11,1,72073.72,727,1,1,1,1,0,0
46,2,0.0,1,114442.66,682,0,0,1,1,0,0
39,1,0.0,2,93826.63,699,0,0,0,0,0,0
41,4,87541.06,2,12577.21,498,1,0,1,1,1,0
52,4,111284.53,1,32936.44,636,2,1,0,1,1,0
49,5,134956.02,1,93953.84,567,1,0,1,0,1,1
42,5,120233.83,1,194890.33,587,2,1,1,0,0,0
29,3,88814.4,2,62487.97,602,0,0,1,1,0,0
48,2,129120.64,1,26475.79,477,2,0,0,1,0,0
42,9,63227.0,1,137316.32,703,1,1,0,1,0,0
27,3,160358.68,2,142367.72,691,1,1,1,0,0,0
46,3,122549.64,1,56297.85,695,2,1,1,1,0,0
37,1,0.0,2,48357.9,472,0,0,1,1,0,0
33,6,0.0,2,38550.4,742,0,1,0,0,0,0
32,8,97514.07,1,199138.84,550,0,1,1,1,0,0
54,1,152677.48,1,191973.49,350,2,1,1,1,1,1
31,4,0.0,2,142029.17,814,0,0,1,1,0,0
29,9,0.0,2,48849.89,683,0,0,1,1,0,0
35,1,0.0,2,111687.57,558,0,1,0,0,0,0
36,9,0.0,2,65816.53,493,0,1,1,1,0,0
50,7,123936.54,1,23768.01,510,1,0,1,1,0,1
44,4,96553.52,2,143952.24,595,1,0,1,0,1,0
36,6,92340.69,2,174667.58,590,1,1,1,1,0,0
41,4,0.0,1,149278.96,615,2,1,0,1,0,0
38,9,151766.71,1,180829.99,753,1,0,1,1,0,0
34,1,135549.9,1,149471.13,420,1,0,0,0,1,0
38,7,174937.64,1,40084.32,494,1,0,1,0,0,0
63,4,114552.6,1,73856.28,633,2,1,1,0,1,1
35,4,125920.98,1,20393.44,479,2,1,1,1,0,0
50,5,144895.05,2,34941.23,589,1,0,1,1,0,0
40,3,114446.84,2,87308.18,713,1,1,1,1,0,0
23,2,0.0,1,122964.18,573,0,0,1,0,0,0
41,6,0.0,2,47322.05,802,2,1,1,0,0,0
69,1,0.0,2,157097.09,675,0,1,1,0,0,0
28,10,200724.96,1,82872.64,682,0,1,0,1,1,0
30,2,137262.71,2,62905.29,796,0,1,1,0,0,0
37,7,132730.17,1,199293.01,761,2,1,1,0,0,0
28,2,115265.14,1,191627.85,636,1,0,0,0,0,0
28,8,179960.2,1,89938.08,756,0,1,1,0,0,0
37,2,100431.84,1,35140.49,808,1,0,1,0,1,0
24,0,108058.07,2,187826.11,597,2,1,1,1,0,0
32,9,0.0,2,65089.38,662,0,1,0,0,0,0
38,3,134006.77,1,89578.32,493,0,1,1,0,0,0
32,6,93694.42,1,79919.13,729,0,1,1,1,0,0
30,4,0.0,2,129149.06,660,2,1,1,0,0,0
31,6,0.0,1,146213.75,469,2,0,1,0,1,0
39,4,0.0,2,142331.39,693,0,0,0,1,0,0
50,3,81290.02,3,177747.03,547,1,1,0,1,1,1
28,9,0.0,2,61761.77,679,2,0,0,1,0,0
50,7,0.0,2,72143.44,656,0,1,0,1,0,0
39,3,0.0,1,188187.05,752,0,1,1,0,0,0
85,10,0.0,2,116537.96,787,0,0,1,1,0,0
41,1,126773.43,1,55551.26,615,2,1,1,1,0,0
32,5,62321.62,1,40920.59,771,0,1,1,1,0,0
26,0,0.0,2,105784.85,688,0,1,1,0,0,0
40,1,99745.95,1,177524.19,796,1,0,1,0,0,0
50,8,98173.02,1,22457.25,803,1,0,0,0,1,1
32,9,0.0,2,126475.79,707,2,1,1,0,0,0
38,7,144606.22,1,56594.36,713,1,0,1,1,1,0
38,7,82259.29,1,8996.97,578,0,1,1,0,0,0
61,2,137655.31,1,29909.84,445,1,0,0,1,0,1
26,1,105249.76,2,23491.09,638,1,0,1,1,0,0
34,8,139959.55,2,189875.83,477,1,1,1,1,0,0
44,1,0.0,2,82614.89,545,2,0,1,1,0,0
41,4,142880.28,3,185541.2,724,2,0,0,0,1,1
45,1,121874.89,1,6865.41,850,1,0,0,0,1,1
35,3,137179.39,1,37264.11,684,0,1,1,1,0,0
28,2,109161.25,1,152987.42,437,2,1,1,0,0,0
34,3,107136.6,1,153895.46,657,0,1,1,0,0,0
32,2,117070.21,1,113482.2,841,1,1,1,0,0,0
35,5,95698.79,1,182566.76,683,1,0,0,1,0,0
50,6,136953.47,1,2704.98,691,0,1,1,1,0,0
44,4,113522.64,1,12405.2,504,2,1,1,1,0,0
50,5,155393.32,1,87351.42,649,1,0,1,1,1,0
35,8,0.0,2,29062.25,675,2,1,1,0,0,0
41,7,0.0,2,43889.41,638,2,1,1,0,0,0
37,9,134560.62,1,27596.39,686,0,1,1,0,0,0
41,1,143443.61,1,196622.28,678,0,0,1,0,1,0
25,9,74237.2,2,195463.35,450,2,1,0,1,0,0
55,8,0.0,2,14392.68,705,0,0,1,1,0,0
31,3,0.0,1,130086.47,599,2,0,1,1,1,0
26,4,155739.76,1,171552.02,758,0,1,1,0,0,0
55,0,108477.27,1,140003.0,554,1,0,0,1,1,1
40,6,0.0,2,84151.98,787,0,0,1,1,0,0
34,3,123034.43,2,38315.04,633,0,0,1,1,0,0
40,9,100480.53,1,124095.69,764,0,0,1,0,0,0
45,9,108231.37,1,188574.08,710,1,1,1,1,0,1
44,2,108895.93,1,69228.2,544,1,1,0,0,1,1
35,2,0.0,2,87310.59,624,2,1,1,0,0,0
57,4,101247.06,1,37141.62,836,2,1,1,0,1,1
31,5,40915.55,1,126213.84,691,0,0,1,0,1,0
40,0,109542.29,1,166370.81,515,0,1,1,1,0,0
25,6,0.0,2,15306.29,461,2,0,1,1,0,0
51,2,108867.0,1,140800.66,577,2,1,0,0,1,1
35,5,0.0,2,105618.14,526,2,1,1,1,0,0
32,10,0.0,2,196342.66,631,0,1,0,1,0,0
38,1,0.0,1,134964.85,785,0,0,1,0,1,0
39,1,0.0,2,68814.23,576,0,1,1,1,0,0
39,10,0.0,2,43174.49,629,0,0,1,1,1,0
39,7,157691.98,2,133600.89,754,2,1,1,0,1,0
46,2,0.0,2,137136.46,616,0,1,1,0,0,0
33,9,0.0,2,38784.42,683,0,0,1,1,0,0
71,3,0.0,2,146895.36,779,0,1,1,1,1,0
37,9,108308.11,1,41788.25,768,1,1,1,0,1,0
33,3,88311.48,2,177651.38,584,1,1,1,1,0,0
39,6,0.0,1,95135.27,734,2,1,1,1,0,0
38,8,0.0,2,84049.16,669,0,0,1,0,0,0
53,7,0.0,2,80619.17,534,0,0,1,1,0,0
24,9,69881.09,2,64421.02,462,1,0,0,1,0,0
45,2,0.0,4,101039.53,634,0,0,1,0,1,1
20,7,0.0,2,31288.77,850,0,1,1,0,0,0
30,5,129753.69,1,582.53,642,1,0,1,0,0,0
41,10,79857.64,1,78088.17,758,1,1,1,1,0,0
42,2,0.0,2,199992.48,685,2,0,0,0,0,0
30,10,191091.74,2,96170.38,775,0,0,1,1,0,0
40,7,108407.34,1,83681.2,564,1,1,1,1,0,0
43,9,111677.88,1,178827.3,670,1,1,1,0,1,1
29,8,93833.86,1,10417.87,832,2,1,0,1,0,0
42,2,0.0,1,101348.88,619,0,0,1,1,1,0
45,7,123859.6,1,113051.57,607,0,1,0,1,0,0
51,0,169312.13,1,109078.35,721,2,1,1,0,1,1
39,5,0.0,2,129892.93,582,0,1,1,1,0,0
46,3,0.0,2,104902.68,688,2,0,0,1,0,0
64,2,136770.67,1,43678.06,445,0,1,0,1,0,0
24,1,0.0,2,184182.25,756,0,0,1,0,0,0
37,7,168066.87,1,35450.53,697,2,0,1,0,0,0
38,3,0.0,2,68487.51,711,0,1,1,0,0,0
39,2,91068.56,1,26578.69,618,0,1,1,0,0,0
53,1,113537.73,1,28367.21,726,0,0,0,1,0,1
38,9,130233.14,1,81861.1,639,2,1,1,1,0,0
46,10,110031.09,2,133995.59,639,1,0,1,1,0,0
41,6,112119.48,1,17536.82,657,2,0,1,0,0,0
35,5,103214.71,1,172172.7,717,1,0,1,0,0,0
33,9,130862.43,1,114935.21,795,1,0,1,1,0,1
34,7,0.0,2,193021.49,604,0,0,1,0,0,0
38,8,0.0,2,196990.79,489,0,1,0,1,0,0
31,3,51293.47,1,35534.68,850,1,0,0,0,0,0
44,8,165326.2,1,57205.55,796,0,1,1,1,0,0
54,3,0.0,1,108409.17,474,0,1,1,0,1,1
42,6,0.0,2,34777.23,507,0,1,1,0,0,0
30,10,136622.55,2,47310.24,503,1,1,0,0,0,0
33,4,0.0,2,131834.75,667,0,1,1,1,0,0
25,8,121702.73,1,132210.49,498,1,1,1,1,0,0
33,6,125789.69,1,66333.56,410,0,1,0,0,1,0
32,5,0.0,1,148769.08,637,0,1,0,0,0,0
34,9,115897.12,1,25095.03,666,0,0,1,1,0,0
48,3,102290.56,2,182691.31,778,1,0,1,0,0,0
30,8,80964.57,2,174738.2,642,0,1,1,0,0,0
48,7,0.0,2,182609.97,784,2,1,1,1,0,0
46,5,0.0,2,49707.85,653,0,0,1,0,0,0
44,4,0.0,2,101728.46,585,2,0,0,1,0,0
40,1,0.0,2,126554.96,652,0,0,1,0,0,0
33,4,137847.41,2,98349.13,633,2,1,1,0,0,0
31,2,121691.54,2,81778.72,785,2,0,0,0,0,0
28,4,0.0,2,144423.17,678,0,0,1,1,1,0
31,4,138317.94,1,61843.73,543,0,0,0,0,0,0
37,9,178755.84,1,199929.17,569,0,1,1,0,0,0
38,1,128218.47,1,125953.83,580,1,0,1,0,1,1
29,4,0.0,2,88866.92,584,2,0,1,0,0,0
49,9,97092.87,1,74771.22,656,1,0,1,0,1,1
49,5,121973.28,1,148804.36,735,0,1,1,0,0,1
36,9,99240.51,1,123137.01,531,2,0,1,0,0,0
25,3,134467.26,1,113266.09,485,0,0,1,1,0,0
38,8,0.0,2,88659.44,654,0,1,1,0,0,0
26,1,0.0,2,199409.19,761,0,0,1,1,0,0
35,5,124151.09,1,88705.14,693,0,0,1,0,1,0
40,9,0.0,2,121537.91,718,2,1,0,0,0,0
22,2,114991.45,1,37392.56,670,0,1,1,1,0,0
58,3,102346.86,1,114672.64,707,0,0,1,1,0,0
25,2,0.0,1,132979.43,714,2,1,1,1,0,0
22,3,108117.1,1,53328.7,571,2,0,0,1,0,0
49,2,147069.78,1,120540.83,559,0,1,1,0,1,1
44,9,49157.09,2,53294.17,617,1,1,1,0,0,0
52,4,161209.66,1,89081.41,799,0,0,1,1,0,1
39,6,96863.13,1,121681.19,850,0,1,1,1,0,0
33,9,119278.44,1,197148.24,724,1,0,1,1,0,0
37,3,0.0,2,166177.3,554,2,1,1,0,0,0
41,8,146720.98,2,4195.84,677,1,0,1,1,0,0
40,8,79035.95,1,142783.98,675,2,0,1,0,1,0
43,2,136487.86,2,82815.93,699,2,1,1,0,0,0
52,8,103023.26,1,22485.64,695,1,1,1,1,0,1
36,7,0.0,2,60536.56,528,2,1,1,0,0,0
45,8,85325.93,1,22558.74,645,0,0,0,0,0,0
40,9,134504.78,1,18082.06,521,1,0,1,0,0,1
44,2,92911.52,1,85495.24,748,0,1,0,1,0,0
51,3,99183.9,1,28922.25,745,1,1,1,1,0,1
38,4,0.0,2,110527.71,655,0,1,0,0,0,0
32,4,110559.46,1,127429.56,699,0,0,1,1,0,0
40,8,114005.78,1,67998.45,676,0,1,1,1,0,0
31,10,0.0,2,13892.57,498,0,0,1,0,0,0
45,7,156353.46,1,72643.95,482,1,1,1,0,1,0
67,8,103101.56,2,154002.02,529,0,1,1,1,1,0
31,3,0.0,2,124202.26,516,2,0,1,0,0,0
30,2,104145.65,1,159629.64,611,0,1,0,0,0,0
31,9,117153.0,1,108675.01,562,1,0,1,1,0,0
34,9,0.0,2,118749.58,617,2,1,1,0,0,0
44,2,98009.13,2,31384.86,678,1,0,0,1,0,0
23,7,113758.48,2,84077.6,602,0,1,0,0,0,0
54,4,0.0,2,93820.49,590,0,0,1,1,1,0
84,8,92242.34,1,186235.98,537,1,1,1,1,0,0
70,9,110738.89,1,22666.77,770,0,0,1,0,1,1
52,5,0.0,1,159808.95,711,0,1,1,1,0,1
44,4,142051.07,2,74940.5,501,0,1,0,1,0,0
32,8,0.0,2,41399.33,718,2,1,1,1,0,0
32,7,0.0,3,10674.62,607,2,0,0,1,0,1
38,1,103895.31,1,159649.44,652,2,0,0,1,0,0
48,8,169023.33,2,175657.55,646,1,1,1,1,0,0
37,1,130622.34,2,128499.94,549,1,0,1,1,0,0
63,1,137715.66,1,37938.74,687,2,0,1,1,0,0
40,10,163823.37,1,89519.47,621,0,1,0,0,0,0
26,1,180530.51,1,123454.62,577,0,0,0,0,0,0
29,6,0.0,2,64443.75,678,2,1,1,0,0,0
41,7,179904.0,1,137180.95,735,0,1,1,1,0,0
42,1,115961.58,2,29483.87,670,0,0,0,1,0,0
47,1,95120.59,1,127875.1,807,0,1,0,0,0,1
34,3,0.0,2,37870.29,626,0,0,1,1,0,0
59,5,120170.07,1,50454.8,668,1,0,0,1,0,0
33,1,160777.9,1,149536.15,573,2,1,1,1,0,0
24,5,0.0,2,116160.04,623,0,0,1,0,0,0
49,7,195238.29,4,131083.56,697,0,0,0,1,1,1
34,3,152303.8,1,12128.69,729,0,1,1,0,0,0
30,4,74323.2,1,22929.08,656,0,0,1,1,0,0
36,8,103914.17,1,110035.88,736,1,0,1,1,1,1
27,9,0.0,2,126838.7,579,0,0,1,0,0,0
34,7,0.0,2,195074.62,692,0,0,1,0,0,0
32,1,149814.54,1,31830.06,586,1,1,1,0,0,0
40,3,0.0,1,32319.93,481,0,1,1,1,0,0
32,4,156001.68,2,151677.31,850,0,1,1,1,0,0
29,0,107712.57,2,92898.17,509,1,0,1,1,0,0
29,1,0.0,2,132975.39,797,0,0,1,1,0,0
29,4,0.0,2,180066.59,742,0,0,1,1,0,0
52,1,0.0,2,176913.42,634,2,1,1,1,0,0
31,1,108822.4,1,132173.31,850,1,0,1,1,0,0
46,0,0.0,2,184350.78,732,0,1,1,1,0,0
31,3,145260.23,1,114066.77,490,2,1,0,1,0,0
40,8,93183.19,1,73882.49,644,0,1,1,0,0,0
28,9,0.0,1,134110.93,675,0,1,1,0,0,0
68,0,126061.51,2,184936.77,672,1,1,1,1,0,0
38,8,0.0,2,91763.67,579,0,1,0,0,0,0
36,0,0.0,2,133465.57,739,0,0,0,0,0,0
76,10,95052.29,1,176244.87,719,1,0,1,0,0,1
31,5,132084.66,3,54474.48,704,0,1,1,1,1,1
26,9,105522.06,1,10842.46,466,0,1,1,0,0,0
37,7,0.0,2,194238.92,648,0,0,1,0,0,0
30,4,123217.66,2,144183.1,755,0,1,0,1,0,0
41,1,200117.76,2,94142.35,699,1,0,1,0,0,0
33,3,0.0,2,68064.83,662,2,1,0,1,0,0
32,10,147511.26,1,159891.03,566,2,1,1,1,0,0
44,6,153548.12,1,35300.08,627,0,1,0,0,1,0
56,5,0.0,1,35418.69,795,2,0,1,0,1,1
34,4,0.0,2,140286.69,552,2,0,1,0,0,0
50,1,113957.01,2,196526.55,610,1,1,1,0,1,1
55,8,119327.93,1,119439.66,658,1,0,0,1,0,1
32,8,130627.66,1,47161.25,663,1,1,1,0,1,0
37,8,0.0,2,145004.39,698,0,1,0,0,0,0
34,5,86055.17,2,104220.5,765,1,1,1,1,0,0
26,4,0.0,1,195167.38,556,0,1,1,0,0,0
46,8,0.0,2,89043.19,640,2,0,1,0,0,0
28,7,77776.39,1,177737.07,714,1,1,1,0,0,0
18,2,176139.5,2,129654.22,706,0,1,1,0,0,0
57,1,0.0,2,56562.57,664,0,1,1,1,0,0
36,8,129745.1,1,143683.75,578,1,0,1,1,0,0
48,1,138778.15,1,168840.23,682,0,1,0,1,0,0
39,9,137843.8,1,117622.8,637,1,0,1,1,1,0
28,0,142574.71,2,129084.82,594,1,1,1,0,0,0
33,9,0.0,1,142797.5,612,0,0,0,0,1,0
56,2,143249.67,1,88428.41,705,1,0,1,0,1,1
38,10,122267.85,1,145759.93,784,2,1,0,0,0,0
27,5,0.0,2,120893.07,671,0,1,0,0,0,0
29,7,0.0,2,55473.15,577,0,1,1,1,0,0
51,8,116197.65,2,86701.4,773,1,1,1,1,0,0
35,9,0.0,2,11743.89,573,0,1,1,0,0,0
22,3,97975.82,2,62083.0,647,1,0,0,1,0,0
54,0,134249.7,1,13404.4,732,2,1,0,1,0,0
31,3,98360.03,1,20973.8,639,0,0,0,0,0,0
43,0,108508.82,3,184044.8,850,1,1,1,0,1,1
41,3,123475.04,1,179227.52,614,0,0,1,1,0,0
25,8,130866.19,1,42410.21,677,2,0,1,0,0,0
44,3,140393.65,2,186285.52,850,1,1,0,1,0,0
39,5,0.0,2,145759.7,719,2,1,1,0,0,0
34,4,0.0,2,198817.72,454,0,1,1,0,0,0
37,7,0.0,2,68789.93,652,2,1,1,0,0,0
56,9,128882.49,1,196241.94,591,0,0,1,1,1,0
71,4,0.0,2,197562.08,581,0,1,1,1,0,0
43,9,0.0,2,11417.26,570,0,0,0,1,0,0
42,5,124626.07,1,78004.5,663,0,0,1,1,0,0
59,4,0.0,2,170528.63,717,0,0,1,1,0,0
29,7,105405.97,1,149853.89,635,0,1,1,1,0,0
64,9,113109.52,1,27980.8,699,0,1,1,0,1,1
63,3,139529.93,2,175696.16,608,2,0,1,1,1,0
40,7,0.0,1,161076.92,544,0,0,0,1,0,0
45,10,0.0,2,1364.54,737,0,1,1,0,0,0
23,1,112568.31,1,113408.11,756,0,0,1,1,0,0
41,6,101179.23,2,35230.61,656,2,0,1,1,0,0
29,3,145541.56,2,58019.95,505,1,1,1,1,0,0
39,8,52106.33,2,107964.36,659,1,1,1,1,0,0
42,2,0.0,1,162734.31,659,2,0,0,0,1,0
58,3,106458.31,4,128881.87,546,1,0,1,0,1,1
35,6,128993.76,2,130483.56,603,0,1,1,0,0,0
41,6,109941.51,1,116267.28,703,0,0,1,0,0,0
44,7,189318.16,2,45026.23,581,2,0,1,0,1,0
45,7,0.0,2,128378.04,803,2,0,1,1,0,0
33,1,144753.21,1,132480.75,767,1,0,1,1,0,0
39,1,70657.61,2,76476.05,716,0,1,1,1,0,0
58,5,152199.33,1,86022.09,619,0,1,1,1,0,0
29,10,99250.08,1,129629.41,590,2,0,1,1,0,0
40,5,0.0,2,100727.68,588,0,1,0,0,0,0
50,3,121159.65,1,4033.39,599,0,1,0,0,1,1
42,1,50194.59,1,23399.58,551,0,1,1,1,0,0
37,7,96558.66,1,163427.18,646,0,0,0,0,0,0
29,9,145294.08,2,147484.13,550,1,1,1,0,0,0
59,8,154110.99,2,101240.08,517,1,0,1,0,1,1
42,5,0.0,2,120512.08,690,0,0,0,1,0,0
36,1,0.0,2,95372.64,664,0,1,1,1,0,0
51,4,0.0,1,150390.57,649,2,1,1,1,0,0
53,9,170491.84,1,35588.07,621,2,1,1,0,1,1
41,5,28082.95,1,69586.27,661,2,0,1,0,1,1
30,5,122924.75,1,62390.59,535,2,0,0,0,1,0
28,7,0.0,1,129526.57,623,0,1,0,0,0,0
46,1,170826.55,2,45041.32,646,1,1,1,0,0,1
29,7,182123.79,1,116828.51,485,0,1,1,0,1,0
42,1,152160.21,2,101778.9,480,0,0,1,0,0,0
32,4,79450.09,1,118324.75,650,2,0,1,1,0,0
37,10,140363.95,2,129563.86,610,2,0,1,1,0,0
36,8,73211.12,2,89587.34,545,2,1,1,0,1,0
32,3,0.0,1,91044.47,790,2,1,1,0,0,0
51,4,131156.76,1,29883.63,647,1,1,1,0,0,1
28,8,0.0,2,64286.39,711,0,1,1,1,0,0
40,4,101090.27,1,51703.09,641,2,0,1,1,0,0
36,1,0.0,3,74048.1,636,2,1,1,1,1,1
46,3,0.0,2,8487.75,669,0,1,0,1,0,0
53,7,0.0,1,136910.18,672,0,0,1,1,0,0
24,7,140453.91,1,129001.3,613,0,0,1,0,0,0
32,6,147107.91,1,40066.95,781,0,1,1,1,0,0
39,3,121778.71,1,138399.67,609,0,1,1,1,0,0
31,6,131996.66,2,178747.43,850,0,1,1,1,0,0
36,7,101583.11,2,123775.15,690,0,1,1,0,0,0
40,1,133245.52,2,54495.82,618,1,0,1,1,0,0
44,6,168165.84,1,197193.49,733,0,0,0,1,0,0
27,0,0.0,2,131534.96,742,0,1,0,1,0,0
27,8,141223.68,2,90591.15,697,0,1,1,0,0,0
48,8,167997.6,1,173498.45,704,2,1,1,1,0,0
28,6,99152.73,2,48475.12,619,1,0,1,0,0,0
38,1,0.0,2,122379.54,706,0,1,1,0,0,0
40,8,110340.68,1,157886.6,640,0,1,1,1,0,0
52,8,125396.24,1,10014.72,492,1,0,1,0,1,1
40,10,45408.85,2,18732.91,579,1,1,1,0,0,0
35,7,165358.77,1,94738.54,525,0,1,0,1,0,0
47,1,0.0,1,95270.83,479,0,1,1,0,0,1
44,5,157955.83,2,139297.71,618,1,1,0,0,0,0
28,7,155060.41,1,29179.52,644,0,1,1,0,0,0
39,1,132077.48,2,192255.15,582,0,0,1,0,0,0
36,1,0.0,2,151314.98,652,0,1,1,1,0,0
30,5,0.0,1,193880.6,775,0,0,1,0,1,0
30,9,0.0,2,63158.22,474,0,0,0,0,0,0
36,6,0.0,2,98657.01,814,0,0,1,1,0,0
60,10,125389.7,2,178616.73,577,0,1,1,1,0,0
37,1,166115.42,1,67208.3,815,0,1,1,0,0,0
29,4,132954.64,1,146715.07,654,0,1,1,1,0,0
33,9,141918.09,2,184036.47,686,1,1,0,1,0,0
21,7,0.0,2,154279.87,658,2,1,0,1,0,0
39,3,129626.19,2,103220.56,686,1,1,1,1,0,0
63,7,0.0,2,55054.48,681,0,0,1,1,0,0
28,1,112070.44,1,126281.83,526,0,1,0,1,0,0
34,6,0.0,2,99128.13,621,0,1,1,1,0,0
60,3,0.0,1,113796.15,350,0,0,0,0,1,1
37,9,100252.18,1,146033.52,564,2,1,1,1,0,0
37,4,0.0,1,132540.33,669,0,1,1,0,0,0
34,5,117593.48,2,113308.29,479,0,1,0,0,0,0
31,3,136067.82,2,65567.91,661,0,0,1,0,0,0
40,6,138033.55,1,67972.45,765,0,1,1,1,0,0
31,1,89688.94,1,152305.47,622,0,0,1,1,0,0
36,10,103294.56,1,160548.12,611,1,0,1,0,0,0
55,9,0.0,2,94450.97,576,0,1,1,1,0,0
31,3,0.0,1,176570.28,493,0,0,1,1,1,0
52,4,100755.66,1,186775.25,714,0,1,1,1,0,0
41,2,0.0,2,75937.47,517,0,1,0,1,0,0
42,8,192390.52,2,823.36,708,1,0,1,0,0,0
49,8,116622.73,1,51011.29,690,2,1,0,1,0,0
38,2,0.0,2,180698.32,754,0,1,1,0,0,0
68,5,82547.11,2,146448.01,611,0,1,1,1,0,0
36,2,130700.92,2,77592.8,612,1,0,0,0,0,0
49,3,0.0,2,49872.33,615,0,1,1,1,0,0
50,3,0.0,2,84531.79,560,0,1,1,0,0,0
38,1,96939.06,1,102606.92,537,2,0,1,1,0,0
44,3,81811.71,1,164213.53,783,2,0,1,0,1,0
28,2,121164.11,1,59938.81,523,0,0,1,1,0,0
44,9,0.0,1,138328.24,603,0,1,1,0,0,0
22,5,0.0,2,158974.45,686,2,1,1,0,0,0
31,3,108914.17,1,183572.39,520,1,0,1,1,1,0
44,6,125512.98,2,79082.76,629,2,0,0,0,0,0
32,9,142188.2,2,128028.6,580,2,1,0,1,0,0
29,5,103907.28,1,161229.84,602,2,1,1,0,0,0
39,2,122524.61,2,88463.63,574,0,0,1,0,0,0
44,3,0.0,2,136491.72,613,0,1,0,1,0,0
36,8,0.0,2,69676.55,709,0,0,1,1,0,0
33,6,125241.17,2,158736.07,502,1,0,1,1,0,0
33,7,187257.94,1,190430.81,733,1,0,0,1,0,0
29,6,0.0,2,168023.6,812,0,1,0,0,0,0
31,1,96399.31,2,106534.15,850,0,1,1,0,0,0
37,1,0.0,2,180363.56,584,0,0,1,1,0,0
41,10,84622.13,1,198072.16,849,1,1,1,1,0,0
40,7,0.0,1,141359.11,715,0,1,1,1,0,0
46,1,0.0,1,71244.59,509,0,0,1,0,1,1
41,5,94521.17,2,194926.86,747,2,0,1,0,0,0
18,10,0.0,2,52795.15,646,0,1,0,1,0,0
39,8,97819.36,1,120531.31,486,0,0,0,1,0,0
25,7,0.0,2,82393.08,542,0,0,0,1,0,0
24,9,57929.81,2,53134.3,682,1,1,0,0,0,0
36,7,0.0,2,13898.31,651,0,1,1,0,0,0
50,7,139675.07,2,45591.23,516,1,1,1,0,0,0
24,7,101195.23,1,133091.32,649,1,1,0,0,0,0
24,5,85089.3,1,71638.0,660,1,1,1,1,0,0
34,2,0.0,1,35982.42,605,0,0,0,0,0,0
37,3,0.0,2,57175.32,474,2,1,0,0,0,0
33,10,138335.96,1,80483.76,804,1,0,1,1,0,0
33,10,183768.47,1,164119.35,680,0,1,1,0,0,0
32,4,90322.99,2,118740.37,565,1,0,0,1,0,0
40,10,123497.58,1,131953.23,635,0,0,1,0,1,0
79,0,0.0,2,170968.99,681,0,0,0,1,0,0
59,1,130854.59,1,30722.52,833,1,1,1,1,1,1
71,5,149105.08,1,162683.06,823,0,1,0,1,0,0
44,9,149961.11,1,57121.51,634,0,1,1,0,0,0
44,10,116363.37,2,198059.16,698,1,1,1,0,0,0
38,6,142316.14,1,8018.49,696,1,1,1,1,0,0
41,1,0.0,2,175611.5,635,2,1,1,0,0,0
39,9,133191.19,2,53289.49,698,1,1,0,1,0,0
63,1,0.0,2,186526.12,689,2,0,1,1,0,0
69,10,115462.44,1,40421.87,646,2,1,1,0,0,1
35,2,163943.89,2,15068.18,722,0,0,1,1,0,0
46,1,46870.43,4,31272.14,628,0,0,1,0,1,1
29,1,43504.42,1,119327.75,744,0,1,1,1,0,0
33,3,0.0,2,190112.05,576,2,1,0,1,0,0
36,7,0.0,2,94283.09,585,0,1,1,0,0,0
51,1,107714.74,3,86128.21,479,1,1,1,0,1,1
43,2,0.0,1,49713.87,601,0,0,1,0,1,0
38,3,166328.65,2,22614.19,508,0,0,0,1,0,0
24,8,103097.85,1,157577.29,634,1,1,1,1,0,0
48,7,168286.58,1,16645.77,445,1,0,1,0,1,1
46,7,128029.72,1,62615.35,682,2,1,1,1,0,0
25,5,182876.88,2,42537.59,646,2,1,1,1,1,0
48,10,138311.76,1,3472.63,722,1,0,1,1,1,0
42,1,116646.76,1,44731.8,651,1,0,1,0,1,1
38,5,112281.7,1,89893.6,776,1,1,0,1,0,0
34,3,0.0,2,158816.03,755,0,1,1,1,0,0
46,1,0.0,2,65998.26,575,0,1,1,1,0,0
20,6,167685.56,1,57929.9,660,0,0,1,0,0,0
46,7,98752.51,1,145560.38,593,0,0,1,0,0,1
27,1,74298.43,1,52581.96,621,1,1,1,1,0,0
24,10,122109.78,1,127654.37,704,2,1,1,1,0,0
40,5,149131.03,3,60036.99,739,1,1,1,1,1,1
40,10,139180.97,1,19959.67,644,0,0,1,1,0,0
46,2,143500.82,1,166996.46,637,1,0,1,0,1,1
39,9,76769.68,1,48224.72,603,0,0,0,0,0,0
40,4,125832.2,1,100433.83,501,0,1,1,1,0,0
67,1,123276.69,2,86507.88,706,1,1,1,1,1,0
41,4,108128.52,1,56784.11,434,0,1,0,1,0,0
40,9,176914.8,1,12799.23,734,0,0,1,1,0,0
28,1,141038.57,2,16287.38,760,2,1,0,0,0,0
30,9,115479.48,2,134732.99,709,1,1,1,1,0,0
35,0,0.0,2,155485.24,588,0,0,1,1,0,0
31,7,0.0,2,49326.07,512,0,0,0,0,0,0
47,9,61196.54,1,58170.24,669,0,0,1,0,0,1
45,8,109044.3,1,115818.16,516,2,0,0,1,0,0
40,8,141782.57,2,86333.63,749,1,0,0,0,0,0
69,3,78833.15,2,37196.15,673,1,0,1,1,0,0
52,9,135870.01,2,54038.62,679,1,1,0,0,0,1
39,3,0.0,2,36692.17,539,0,1,1,0,0,0
34,0,185734.75,1,102036.82,726,0,0,1,1,0,0
41,6,0.0,3,56118.81,610,0,1,0,0,1,1
45,5,164450.94,1,141970.02,698,2,1,1,0,1,0
57,8,137936.94,1,84475.13,575,0,0,1,1,0,0
22,3,0.0,1,85426.28,628,2,0,1,0,0,0
28,8,0.0,1,159254.29,546,0,1,1,0,0,0
37,0,0.0,1,114514.64,610,0,1,1,0,0,0
32,2,146033.62,1,191260.74,831,0,0,1,0,0,0
28,3,104367.5,1,29937.75,581,0,1,1,1,0,0
31,7,144162.3,2,14490.79,661,0,0,1,1,0,0
44,4,107726.93,2,153064.87,729,2,1,1,0,0,0
45,10,117231.63,3,122381.02,745,1,1,1,1,1,1
23,10,0.0,2,129590.18,709,2,1,0,0,0,0
37,7,111852.84,2,10511.13,655,0,0,1,0,0,0
39,3,111695.62,1,136643.84,686,0,0,0,0,0,0
38,2,0.0,1,79915.28,589,0,1,1,0,0,0
40,4,0.0,3,31669.18,623,2,0,1,0,0,1
35,2,0.0,2,98621.04,585,0,0,1,0,1,0
35,10,0.0,2,10722.54,499,0,1,1,0,0,0
51,9,104760.82,1,165574.54,605,0,0,1,1,1,0
38,3,138731.95,1,194138.36,554,0,0,1,1,0,0
51,8,186825.57,1,93739.71,603,0,1,1,0,1,1
42,4,80380.24,1,119216.46,538,1,0,1,0,0,0
47,3,0.0,2,150802.41,692,2,0,1,0,1,0
31,5,0.0,2,41872.17,644,0,1,1,1,0,0
37,6,0.0,2,110142.34,513,0,0,1,0,0,0
43,1,163159.85,1,15602.8,669,0,1,0,1,0,0
62,3,0.0,2,82195.15,709,2,1,1,1,0,0
28,4,145605.44,1,93883.53,712,1,1,0,1,0,0
57,4,163146.46,1,169621.69,351,1,0,1,0,1,1
33,8,129907.63,1,36083.96,728,0,1,0,1,0,0
36,3,74974.89,1,12099.67,580,1,0,1,1,0,0
42,3,99836.47,1,22909.56,646,2,0,0,1,0,0
47,4,0.0,2,197528.62,694,0,1,1,0,0,0
27,8,113174.21,2,147261.58,712,1,1,1,0,0,0
36,4,109646.83,1,70240.79,584,1,0,1,1,0,0
27,6,0.0,2,49775.58,535,0,0,0,1,0,0
34,7,149940.04,2,156648.81,639,2,1,0,0,0,0
33,8,111379.55,1,45098.62,732,2,0,1,1,0,0
31,4,97338.19,2,48226.76,681,1,1,0,0,0,0
41,3,126550.7,1,177644.52,632,1,1,0,0,1,0
29,4,145471.37,1,188382.77,769,0,1,1,0,0,0
35,6,118336.95,1,26342.33,825,1,0,1,0,1,1
28,4,0.0,2,179436.6,841,2,1,1,1,0,0
33,4,83199.05,1,159334.93,627,1,0,0,0,0,0
24,8,0.0,2,4070.28,742,2,1,1,0,0,0
23,10,151097.28,1,17163.75,571,0,0,0,1,0,0
32,9,160680.41,1,30886.35,763,1,1,1,0,0,0
59,3,0.0,2,25843.7,567,0,1,1,0,1,0
34,8,0.0,2,38570.13,636,0,1,1,0,0,0
26,3,118097.87,1,61257.83,690,0,0,1,0,0,0
44,3,88915.85,1,69697.74,452,2,1,1,0,0,0
56,8,119496.25,2,29880.99,793,0,1,1,0,0,1
41,5,91612.91,1,28427.84,605,0,1,1,1,0,0
53,8,114233.18,1,51587.04,752,0,0,1,1,0,0
38,8,0.0,2,79618.79,569,2,1,0,0,0,0
54,6,171137.62,1,167023.95,710,0,1,1,1,1,0
54,9,0.0,1,76621.49,411,0,0,0,1,0,1
36,4,0.0,2,8037.03,818,0,1,1,1,0,0
42,6,138650.49,2,64746.07,788,1,0,1,0,0,0
52,1,106723.28,1,109960.4,530,0,1,0,0,1,1
29,2,166930.76,2,122487.73,590,2,0,1,0,0,0
39,3,0.0,1,105997.25,640,2,1,1,1,0,0
34,6,133598.4,1,13107.24,734,0,1,1,1,0,0
46,1,0.0,2,104272.04,581,2,0,1,0,0,0
39,6,0.0,2,140497.67,759,0,0,1,1,0,0
41,7,0.0,1,28667.56,645,0,1,0,1,0,0
38,4,171913.87,1,51820.87,478,0,0,1,0,1,0
39,4,0.0,2,167183.07,527,0,1,1,0,1,0
61,1,0.0,1,22447.85,609,2,1,1,0,1,1
31,1,142631.54,2,175894.24,670,1,1,1,1,0,0
29,3,119670.18,1,188022.44,710,2,0,1,0,0,0
39,8,0.0,2,99654.13,702,2,1,1,0,0,0
42,6,0.0,2,113868.4,599,2,1,1,0,0,0
46,5,107978.4,2,155876.06,640,1,0,1,0,0,0
41,2,122545.65,2,42050.24,594,1,1,1,1,0,0
33,1,0.0,2,102750.7,571,0,0,1,0,0,0
58,3,116353.2,2,193502.9,652,1,0,0,1,0,0
40,1,144757.97,2,166656.18,606,1,1,1,1,0,0
44,4,91115.76,2,24208.84,681,1,0,0,0,1,0
34,1,0.0,1,114448.13,807,0,0,0,0,0,0
41,5,126670.37,1,102426.06,774,0,0,1,0,0,0
31,9,0.0,2,36145.53,680,0,1,1,0,0,0
44,2,168396.34,1,14178.73,658,0,1,1,1,0,0
45,3,105266.32,2,193724.51,718,2,1,1,1,0,0
39,5,0.0,1,6416.92,704,0,1,1,0,0,0
21,7,98993.02,1,169156.64,627,0,0,1,1,0,0
41,7,123428.69,1,164924.11,664,2,1,1,1,0,0
38,8,85982.07,1,9238.35,535,0,1,1,0,0,0
33,3,0.0,1,42171.13,604,0,1,1,0,1,0
47,5,0.0,1,107243.31,661,0,1,0,1,1,0
40,4,107041.3,1,5635.63,583,1,1,1,1,0,0
34,0,54980.81,1,136909.88,504,2,1,1,1,0,0
50,8,125437.64,1,17160.94,652,1,1,1,1,1,1
22,6,154377.3,1,51721.52,550,0,1,1,1,0,0
20,8,0.0,2,168152.76,790,2,1,1,0,0,0
33,7,122531.86,1,13549.24,583,0,1,1,0,0,0
67,5,0.0,2,54871.02,796,2,1,0,1,0,0
40,3,0.0,2,134281.11,763,0,1,1,0,0,0
40,3,162261.01,2,137028.51,585,1,0,1,0,0,0
36,8,0.0,1,158666.99,666,0,0,0,1,0,0
36,1,161757.87,2,146371.72,629,2,1,1,1,0,0
32,9,80262.66,1,194867.78,831,1,1,1,0,0,0
31,2,0.0,2,107759.31,693,0,1,1,1,0,0
29,4,129514.99,1,102930.46,752,1,1,1,1,0,0
58,10,53772.73,1,192072.1,625,0,0,1,1,1,0
25,4,0.0,2,42039.67,747,0,0,0,1,0,0
49,6,173434.9,1,165580.93,625,0,1,1,0,1,0
40,5,168286.81,3,20451.99,750,1,1,1,0,1,1
42,3,137560.38,2,85424.34,579,1,0,1,1,0,0
65,4,120100.41,1,107563.16,566,1,1,1,0,1,1
40,8,0.0,2,80204.38,618,2,0,1,0,0,0
40,8,128644.46,1,167673.37,678,1,0,0,0,0,0
31,10,135213.71,1,125777.28,685,2,1,1,1,0,0
29,9,120307.58,1,6795.61,562,2,0,1,1,0,0
33,6,132603.36,1,55775.72,587,1,1,1,0,0,0
36,6,0.0,1,70496.66,736,0,0,1,0,0,0
26,4,174318.13,2,38296.21,779,2,0,0,1,0,0
42,6,75302.85,2,57034.35,531,2,0,0,0,0,0
35,3,0.0,1,80190.36,626,0,0,0,0,0,0
31,3,127331.46,3,176433.6,680,1,0,1,1,0,1
40,4,0.0,2,114093.73,583,2,0,1,0,0,0
25,8,0.0,2,52404.47,699,2,0,1,1,0,0
31,6,102016.72,2,80181.12,528,0,1,0,0,0,0
33,2,152302.72,1,71333.44,750,0,1,1,0,0,0
38,9,0.0,2,158527.45,702,2,0,1,1,0,0
34,7,0.0,1,74593.84,565,0,1,0,0,0,0
46,5,142360.62,2,48421.4,595,1,1,1,0,1,0
29,8,0.0,2,172290.61,769,0,1,1,1,0,0
32,7,94753.55,2,18149.03,583,1,0,1,1,0,0
43,5,99906.89,1,24983.39,554,1,1,0,0,0,0
48,4,0.0,2,146821.42,753,0,1,0,1,0,0
43,1,107963.38,1,186438.86,648,1,0,0,0,1,1
39,3,0.0,1,134878.19,512,2,1,1,0,0,0
34,3,0.0,1,54726.43,648,0,0,1,0,0,0
27,7,0.0,2,51285.49,583,0,1,1,0,0,0
31,0,79340.95,1,78255.86,594,0,0,1,0,0,0
34,8,163757.06,1,104000.06,556,0,1,1,1,0,0
33,4,0.0,1,130474.03,608,0,1,0,1,0,0
37,6,0.0,2,82176.48,449,0,0,1,0,0,0
35,0,127510.99,1,155356.34,597,2,1,1,1,0,0
41,9,95020.8,3,131710.59,549,1,1,1,1,1,1
43,6,112088.04,2,36706.56,766,1,1,1,1,0,0
35,8,0.0,1,67508.01,711,0,0,1,1,0,0
55,9,63127.41,2,185211.28,770,2,1,1,0,1,1
69,1,105303.73,1,134260.34,476,2,0,0,1,0,0
23,10,0.0,2,170099.23,651,0,1,1,1,0,0
44,9,0.0,2,142287.65,700,2,1,1,0,0,0
60,6,0.0,2,77331.77,679,0,1,1,1,0,0
69,5,117866.92,1,62280.91,724,0,0,1,1,0,0
37,9,0.0,2,22710.72,770,0,0,0,0,0,0
36,7,115617.24,1,71519.4,617,2,0,1,1,0,0
43,1,116360.07,1,17004.14,774,2,0,1,0,0,0
59,2,103996.74,1,103159.11,633,0,1,1,1,0,0
42,5,99580.13,1,21007.96,677,0,1,1,0,0,0
61,5,0.0,2,29132.43,719,0,1,0,1,0,0
38,4,72594.0,1,76042.48,614,0,0,1,1,0,0
38,7,0.0,1,27239.28,617,2,1,1,1,0,0
36,2,104702.65,2,107948.72,592,1,1,1,0,0,0
26,10,126392.18,1,43651.49,609,0,1,0,1,0,0
42,5,0.0,2,115509.59,660,2,1,1,0,0,0
59,9,113657.83,1,116848.79,629,0,1,1,1,1,0
55,4,111362.76,3,16922.28,547,1,1,1,0,1,1
37,7,0.0,2,55100.09,718,0,0,1,1,0,0
61,8,66250.71,1,21859.06,523,0,1,1,1,0,0
47,9,0.0,1,187943.6,650,0,0,1,0,0,1
34,9,53299.96,2,42855.97,729,2,0,1,1,0,0
42,7,77002.2,2,80428.42,743,0,1,1,1,0,0
28,8,116755.5,2,158585.17,548,0,0,1,1,1,0
33,4,0.0,2,115115.32,737,0,0,1,0,0,0
42,8,0.0,1,19632.64,850,0,0,1,0,1,0
40,5,155455.43,1,113581.85,604,2,1,0,1,0,0
41,2,125785.23,1,70523.92,649,0,0,1,1,0,0
24,3,110495.27,1,158615.41,687,0,0,1,0,0,0
21,2,123200.78,1,180712.28,720,2,1,1,1,0,0
45,7,144889.18,1,102591.9,674,0,1,1,1,1,0
20,4,124365.42,1,180197.74,835,1,1,0,0,1,0
27,7,0.0,2,28823.04,486,2,1,1,0,0,0
54,9,68332.96,1,144390.75,575,0,0,1,1,0,0
29,1,131968.57,2,147693.92,814,1,1,1,1,0,0
32,5,0.0,2,95611.47,750,0,0,1,0,0,0
32,4,0.0,1,114951.42,541,0,0,1,1,0,0
36,9,0.0,2,35521.63,605,2,0,0,1,0,0
40,4,0.0,1,85455.62,564,0,1,1,0,1,0
40,5,0.0,2,177099.71,532,0,0,0,1,0,0
37,4,98459.6,1,90821.66,721,1,1,0,0,0,0
43,2,0.0,2,89402.54,585,0,0,1,0,0,0
35,2,133111.73,1,79957.95,482,0,0,0,1,0,0
29,2,112367.34,1,185630.76,535,0,0,1,0,0,0
33,7,153663.27,1,111868.23,452,1,1,1,0,0,0
37,8,113899.92,1,80215.2,711,0,0,0,0,0,0
56,3,116251.24,1,42429.88,634,1,0,0,1,1,1
25,9,0.0,2,112331.19,705,0,1,0,1,0,0
30,1,0.0,2,8125.39,596,2,0,1,0,0,0
40,5,0.0,2,122488.59,575,0,1,1,1,0,0
25,0,0.0,2,184221.11,550,0,1,1,1,0,0
24,0,148298.59,2,182913.95,677,0,0,0,0,0,0
63,7,0.0,2,56323.21,602,0,0,1,1,0,0
32,9,192122.84,1,54277.45,803,0,0,1,1,1,0
43,5,0.0,3,100722.72,598,0,0,1,1,1,1
30,1,84440.1,2,60485.98,660,1,1,1,1,0,0
38,0,135919.33,1,80425.65,535,0,0,1,0,0,0
63,2,131629.17,2,122109.58,612,2,0,1,0,1,1
37,0,0.0,2,82351.06,673,2,0,0,0,0,0
30,3,110153.27,1,74849.46,666,1,1,0,1,0,0
30,5,0.0,1,54926.51,566,0,1,1,0,1,0
39,4,142406.43,2,146637.45,544,1,1,1,0,0,0
63,2,120787.18,2,52198.84,566,2,1,1,1,0,0
38,8,0.0,2,417.41,556,2,1,0,0,1,0
26,7,205962.0,1,156424.4,508,0,1,1,0,0,0
41,1,0.0,2,27509.52,718,0,0,0,1,1,0
35,5,124580.69,1,18785.48,512,2,0,1,1,0,0
44,3,111100.98,1,28144.07,831,1,1,1,1,1,1
35,10,176273.95,1,121277.78,515,2,1,0,1,0,0
40,7,139022.24,1,193383.13,695,1,1,0,1,0,0
61,2,0.0,2,43982.41,758,2,1,1,1,0,0
38,9,163965.69,2,103511.26,691,1,1,0,1,0,0
30,6,121345.88,4,41921.75,596,2,1,1,0,1,1
53,7,0.0,2,130132.41,651,0,1,1,1,0,0
38,3,104339.56,1,119882.86,637,0,0,0,0,0,0
38,4,0.0,2,187800.63,677,0,1,1,0,0,0
29,7,0.0,1,130224.73,633,0,1,1,1,0,0
50,9,94748.76,2,13608.18,549,0,1,0,1,0,0
29,4,105767.28,2,41104.82,626,0,0,0,0,0,0
31,2,137260.45,2,55387.28,690,1,1,1,0,0,0
32,9,0.0,2,5388.3,565,0,1,1,0,0,0
58,9,122330.7,2,124429.19,748,2,1,0,1,0,0
37,5,98400.61,2,25017.28,698,0,1,0,0,0,0
32,1,96408.98,1,138191.81,793,1,0,1,1,0,0
31,0,88421.81,1,72350.47,628,0,1,0,0,0,0
27,8,0.0,2,157932.75,756,0,1,1,1,0,0
50,2,0.0,1,93332.64,478,0,0,0,1,1,1
31,5,125341.69,1,79547.39,560,2,0,1,0,0,0
41,9,0.0,1,13160.03,678,0,0,0,0,0,0
32,10,95153.77,1,81310.1,763,2,0,0,1,0,0
32,1,134446.04,1,111241.37,668,2,1,0,1,0,0
34,0,65812.35,2,160346.3,590,2,1,0,1,0,0
28,5,0.0,3,170487.4,586,0,0,1,0,1,1
26,2,75237.54,1,44220.4,621,0,1,0,1,0,0
24,6,0.0,2,54724.03,726,0,0,1,1,0,0
48,8,128140.17,1,175753.55,401,1,1,1,0,1,1
35,8,102918.38,1,45959.86,733,2,1,1,1,0,0
50,8,0.0,2,57802.62,576,0,0,1,1,0,0
48,3,120568.41,1,190160.04,636,1,0,1,0,1,1
44,6,0.0,2,55893.37,530,2,1,0,0,0,0
48,7,138232.24,1,57594.78,650,1,0,1,0,0,1
37,6,95845.6,1,122218.23,657,0,0,1,0,0,0
56,0,119963.45,1,158325.87,677,0,0,0,0,1,1
27,7,123826.07,1,78970.58,726,2,0,0,1,0,0
36,2,148061.89,1,179128.69,717,0,1,1,0,1,0
31,1,61592.14,2,61796.64,568,1,0,1,1,0,0
31,6,132876.55,1,130862.11,629,2,1,1,1,0,0
22,4,0.0,2,28188.96,639,0,1,1,0,0,0
32,8,71667.74,1,126082.18,702,2,1,1,1,0,0
41,9,0.0,2,152153.74,793,2,1,1,0,0,0
34,9,74309.81,1,15034.93,586,1,1,1,0,0,0
39,9,0.0,1,3740.93,644,0,0,1,0,0,0
39,6,0.0,2,44265.28,743,0,1,1,0,0,0
45,1,123949.75,1,110881.56,669,1,1,0,0,0,1
47,7,86006.21,1,37973.13,780,2,1,1,1,0,0
40,8,0.0,1,75848.22,683,2,1,1,0,0,0
39,3,126935.98,2,57995.74,648,1,0,0,1,0,0
27,2,90971.85,1,131662.47,748,1,0,1,1,0,0
27,1,0.0,2,91291.2,637,0,1,1,0,0,0
48,9,0.0,2,85240.61,656,0,0,1,1,1,0
39,9,117103.26,2,85937.52,473,0,0,1,1,1,0
35,9,114193.24,1,71154.1,593,0,1,1,0,0,0
31,2,0.0,2,15200.61,649,0,0,1,0,0,0
29,6,141389.06,1,54122.89,762,0,1,1,0,0,0
29,5,95167.55,1,152723.23,698,0,1,1,1,0,0
35,6,0.0,2,41549.64,643,2,0,1,1,0,0
42,1,0.0,1,16500.66,807,2,0,1,0,1,0
36,2,154525.7,1,27468.72,674,0,1,0,1,0,0
34,1,83503.11,2,73124.53,615,0,1,1,1,1,0
34,2,0.0,2,96615.23,421,0,1,1,1,0,0
49,2,88915.37,3,161435.02,611,0,0,0,0,1,1
42,2,0.0,2,167984.61,567,0,1,1,1,0,0
34,8,117451.47,1,65374.86,643,2,0,1,0,0,0
35,7,110349.82,1,126355.8,850,2,1,0,0,0,0
25,10,0.0,2,180808.39,641,2,1,1,1,0,0
36,4,77967.5,1,167066.95,574,2,1,1,0,1,0
37,4,0.0,2,12470.3,501,0,1,0,0,0,0
35,2,104508.1,1,147636.46,617,0,0,1,1,0,0
48,9,136596.85,1,185791.9,814,0,1,1,1,0,0
40,1,0.0,1,49594.19,490,0,0,1,1,1,0
71,10,69608.14,1,97893.4,850,2,1,1,0,1,1
26,2,107508.93,2,120801.65,611,0,0,1,1,0,0
45,4,138825.19,1,10828.78,593,0,1,0,0,0,0
25,6,0.0,2,78358.94,670,2,1,1,1,0,0
37,8,0.0,2,191557.1,739,0,0,1,0,1,0
32,2,84906.45,1,163216.48,650,0,1,1,0,0,0
41,5,80542.81,1,88729.22,497,1,1,0,0,1,0
45,2,116546.59,2,23140.28,693,1,1,0,0,1,0
28,2,81173.83,2,162812.16,703,0,1,0,1,0,0
29,5,129750.68,1,109257.59,567,1,1,1,0,0,0
34,4,142929.16,2,114869.56,803,1,1,1,1,0,0
33,6,88294.6,1,66979.06,670,0,1,1,0,0,0
74,5,108891.7,1,10078.02,634,1,1,1,0,0,1
26,7,106198.5,1,32020.42,655,0,0,0,1,0,0
47,10,148636.21,1,16119.96,790,0,0,0,1,1,0
36,1,117864.85,2,27619.06,678,1,1,1,0,0,0
32,1,151922.94,1,8877.06,797,1,1,1,0,0,0
32,8,131081.66,2,69428.79,595,1,1,1,1,0,0
45,5,103909.86,1,60083.11,850,1,0,1,0,1,1
25,3,174330.35,2,181647.13,480,1,0,0,0,0,0
37,9,0.0,2,16733.59,709,0,0,1,0,0,0
42,10,0.0,2,3797.79,811,0,1,1,1,0,0
28,9,114731.76,2,79479.74,494,0,1,0,1,0,0
32,2,123403.85,2,80120.19,512,1,0,1,0,0,0
52,8,93590.47,1,21228.71,526,0,1,0,1,1,0
46,6,150213.71,1,120668.46,618,0,0,1,0,1,0
36,5,0.0,2,105152.17,735,2,1,1,0,0,0
26,4,139584.57,1,36308.93,656,2,1,1,0,0,0
31,1,0.0,2,1375.46,538,0,1,1,0,0,0
28,0,0.0,2,7597.83,617,0,0,1,1,1,0
58,5,216109.88,1,74176.71,663,2,0,0,1,1,0
43,0,0.0,2,59475.35,700,2,0,1,0,0,0
34,5,0.0,2,27022.57,601,0,0,1,0,0,0
27,1,0.0,1,1050.33,559,2,0,0,1,0,0
44,4,0.0,1,94862.93,573,2,0,1,1,0,0
36,9,114997.42,1,75304.09,774,0,0,1,0,0,0
41,9,0.0,1,113267.48,716,0,1,1,1,0,0
26,1,57422.62,1,79189.4,686,1,1,1,1,0,0
50,1,0.0,1,12106.82,672,0,0,1,0,1,1
33,9,0.0,2,176576.62,730,2,0,0,0,0,0
36,1,156948.41,1,149912.28,528,0,0,1,1,1,0
22,2,0.0,2,28123.99,468,0,1,1,0,0,0
43,6,128760.32,1,36342.79,693,0,1,1,0,0,0
46,3,0.0,2,176276.1,663,0,1,0,1,0,0
35,3,0.0,3,132649.85,749,0,0,1,1,0,1
28,6,84121.04,1,80698.54,540,2,0,0,1,0,0
48,6,110463.25,2,80552.11,724,1,0,1,1,1,0
35,5,82453.96,2,18254.75,753,1,0,0,0,0,0
26,8,97460.1,1,43093.67,574,0,1,1,1,0,0
33,6,174912.72,1,43932.54,685,0,1,1,1,0,0
30,7,0.0,2,72196.57,661,0,0,1,0,0,0
32,4,139626.01,1,118235.52,678,1,1,1,1,1,0
26,6,0.0,2,34948.77,749,0,0,0,1,0,0
32,5,0.0,2,75465.41,676,0,0,1,1,0,0
31,7,148913.72,2,53817.23,769,1,0,1,0,0,0
38,1,116520.28,1,49833.5,682,1,0,1,1,1,0
33,8,0.0,1,119882.7,732,2,1,1,0,0,0
41,2,0.0,2,158973.77,656,0,1,1,0,0,0
47,4,148826.32,1,79450.61,607,1,1,1,1,0,0
29,8,140170.61,1,38170.04,712,0,0,1,1,0,0
36,2,0.0,2,75035.48,649,0,0,0,1,0,0
29,8,130306.49,1,77469.38,757,0,1,1,0,0,0
41,8,153895.65,1,39087.42,511,1,0,1,1,0,0
44,5,136836.49,1,192359.9,483,0,0,1,0,1,0
30,10,144684.03,1,31805.49,694,0,1,1,1,0,0
52,10,105355.81,1,123.07,708,0,1,1,0,1,0
34,8,133936.04,2,91359.79,691,0,1,1,0,0,0
49,7,0.0,2,10096.25,746,2,1,0,1,0,0
29,0,157829.12,1,129891.66,683,0,0,0,0,0,0
69,9,183744.98,1,196993.69,762,2,0,1,1,0,0
34,7,0.0,2,98949.85,680,2,0,1,0,0,0
48,7,0.0,2,63708.07,554,0,0,1,1,0,0
41,3,147974.16,2,170518.83,619,1,1,1,0,0,0
46,5,177619.71,1,54227.06,450,2,0,1,0,0,0
36,2,89800.14,1,105922.69,770,0,1,1,1,0,0
59,3,170331.37,1,32171.79,643,1,1,1,1,0,0
34,9,176311.36,1,160213.27,474,1,0,1,0,0,0
37,8,153366.13,1,26912.34,708,1,1,1,1,0,0
33,1,126588.81,2,62163.53,787,0,1,0,1,0,0
38,7,0.0,1,63202.0,611,0,1,1,1,0,0
40,9,77641.99,1,189051.59,690,0,0,0,0,1,0
61,8,125397.21,1,182184.09,758,1,0,1,0,1,1
44,6,0.0,1,114469.55,627,2,1,1,1,0,0
30,0,90963.49,1,27802.0,496,0,1,0,1,0,0
32,5,83161.65,1,116885.59,606,0,1,1,1,0,0
42,3,137781.65,1,199316.19,774,0,0,0,0,0,0
37,2,0.0,2,119969.99,850,2,1,1,0,0,0
37,3,0.0,2,16870.2,750,0,1,1,0,0,0
37,3,0.0,2,50578.4,551,0,1,1,1,0,0
56,2,0.0,1,25222.6,771,2,0,1,1,1,0
21,1,114292.48,1,31520.4,742,1,0,1,0,0,0
39,8,136000.45,2,31708.53,606,1,1,1,0,0,0
49,4,0.0,2,23631.55,594,0,0,1,1,0,0
46,1,65733.41,1,61094.53,536,0,1,1,0,0,1
48,2,0.0,2,3149.1,690,2,0,1,1,0,0
45,0,164649.52,3,49915.52,513,0,0,1,0,1,1
40,9,95624.36,2,60706.33,613,0,0,1,1,0,0
61,0,0.0,2,96202.44,846,2,1,1,1,0,0
48,1,111599.32,1,135995.58,640,1,1,0,1,0,1
44,2,138843.7,1,37688.31,431,1,0,1,0,1,1
41,2,112871.19,2,65520.74,688,1,1,0,1,0,0
35,8,0.0,2,10357.03,580,0,0,0,1,0,0
37,2,0.0,2,143739.29,599,2,0,1,1,0,0
33,5,0.0,2,126962.41,538,0,0,1,0,0,0
38,6,0.0,1,188639.28,655,0,0,1,1,0,0
39,8,102945.01,1,52861.89,583,1,1,0,0,0,0
35,9,129847.75,2,197325.4,550,1,1,1,0,0,0
76,2,130334.84,2,51672.08,580,1,1,1,1,0,0
34,9,132439.99,1,177747.72,607,2,1,1,0,0,0
30,10,153972.89,2,62811.03,850,0,1,1,0,0,0
34,9,162691.16,2,94912.78,707,1,1,1,0,0,0
46,9,134950.19,3,178587.36,415,0,1,0,0,1,1
38,8,134887.53,1,10804.04,843,0,0,1,1,0,0
38,2,115463.16,1,150679.65,556,2,1,1,0,0,0
36,6,0.0,2,141364.27,840,2,0,1,0,0,0
35,6,116269.01,1,129964.94,634,1,1,1,0,0,0
35,9,102050.47,1,3769.71,850,0,1,1,1,0,0
40,6,61671.19,1,150659.35,838,2,0,0,1,1,0
34,3,132352.69,1,80320.3,724,0,0,1,0,0,0
51,4,0.0,2,123587.83,773,2,1,0,0,1,0
38,1,120599.21,1,92816.86,632,2,1,1,0,0,0
73,9,0.0,1,114283.33,735,0,1,1,1,0,0
44,10,81553.93,1,20063.63,626,0,0,1,0,1,0
27,5,155879.09,2,70774.97,455,0,0,0,0,0,0
33,1,65667.79,2,164608.98,579,0,0,0,0,0,0
37,6,118433.94,1,160060.9,479,2,1,0,1,0,0
34,9,0.0,2,144517.19,786,0,1,1,0,0,0
43,8,133379.41,1,177378.66,600,1,1,1,0,1,1
24,6,107637.97,2,169505.83,479,1,1,0,1,0,0
32,8,40172.91,1,137439.34,584,1,1,1,1,0,0
41,6,135071.12,1,64477.25,721,0,1,1,1,0,0
41,7,0.0,2,176780.39,522,0,0,0,1,0,0
29,3,86616.35,1,91903.9,677,0,0,0,0,1,0
41,9,0.0,2,88852.47,620,0,0,0,0,0,0
33,3,117413.95,1,12766.74,554,0,1,1,1,0,0
29,6,0.0,2,10672.54,850,0,1,1,1,0,0
40,10,0.0,1,127847.25,724,0,1,1,0,1,0
31,4,0.0,2,50404.72,763,0,0,0,0,0,0
42,9,161651.37,2,131753.97,591,0,1,1,1,0,0
32,9,125321.84,2,130234.63,573,0,0,1,1,0,0
32,1,132178.67,1,11865.76,665,1,1,0,0,0,0
37,6,108269.37,1,5597.94,626,2,0,1,0,0,0
58,3,0.0,3,80344.96,746,0,1,1,1,1,1
34,1,127122.79,3,76703.1,673,1,0,0,1,0,1
33,5,0.0,2,78698.09,465,0,1,0,1,0,0
40,2,147171.2,1,69850.04,670,1,0,0,1,0,0
20,3,119714.25,2,150135.38,767,1,1,0,1,0,0
57,8,112281.6,3,140225.14,834,1,0,1,0,1,1
35,2,117438.92,2,16910.98,682,1,0,1,1,0,0
35,7,0.0,2,108739.15,588,2,0,1,1,0,0
45,3,129209.48,1,60151.77,824,0,1,0,0,0,0
34,6,147422.44,1,42143.61,782,2,1,0,1,0,0
35,9,0.0,1,25448.31,772,0,0,0,1,0,0
31,5,0.0,2,26817.23,529,0,0,1,0,0,0
30,1,0.0,2,199464.08,581,0,1,1,0,0,0
51,4,126725.25,1,195259.31,780,1,1,1,0,1,1
25,2,78247.31,2,10472.31,465,0,1,1,1,0,0
30,6,107499.7,1,187632.22,640,0,0,1,1,0,0
35,6,110046.93,2,26318.73,506,2,1,1,0,0,0
38,4,0.0,3,75609.84,684,0,1,1,0,0,1
49,6,113599.74,2,158887.09,636,1,1,1,0,1,1
21,2,87096.82,2,168186.11,594,1,0,1,0,0,0
45,7,129818.39,3,9217.55,629,1,0,1,0,1,1
47,1,0.0,2,148989.15,683,0,1,1,0,0,0
42,7,165679.92,1,32916.29,638,0,0,0,0,0,0
32,10,191775.65,1,179657.83,762,0,1,1,0,0,0
37,2,157084.99,1,134767.13,595,2,1,1,0,0,0
34,8,122359.5,1,116495.55,550,0,1,0,0,0,0
37,10,0.0,2,37411.35,673,0,0,1,1,0,0
36,2,152606.82,1,71692.8,637,0,1,1,1,0,0
33,7,115182.84,2,177279.41,725,1,0,1,1,0,0
33,2,145731.83,1,109219.43,637,0,1,0,1,0,0
55,9,154393.43,1,137674.96,667,1,1,1,1,1,0
37,10,152958.29,2,159585.61,668,1,1,1,1,0,0
26,10,102073.67,2,166799.93,528,0,0,0,0,0,0
36,3,116275.12,1,63795.8,680,0,1,1,1,0,0
45,0,124693.48,1,187194.15,714,2,1,0,1,0,0
49,6,202904.64,1,17298.72,747,0,1,1,1,1,0
53,7,0.0,2,117939.17,706,2,1,0,1,0,0
33,7,0.0,2,3729.89,611,2,0,1,1,0,0
35,8,127290.61,1,16081.62,738,2,1,1,0,0,0
41,5,0.0,2,141053.85,596,2,1,0,1,0,0
41,2,124227.14,1,111184.67,558,1,1,1,1,0,0
32,6,0.0,2,36540.63,606,0,1,0,1,0,0
49,9,132934.89,1,171056.65,849,1,0,1,0,1,1
59,9,0.0,2,103799.77,537,0,1,0,0,1,0
36,9,140355.56,2,136329.96,589,1,0,1,0,0,0
40,3,0.0,2,167636.15,716,0,0,0,1,0,0
39,9,0.0,1,47722.79,769,2,1,1,1,0,0
56,4,138227.19,2,55287.84,585,0,1,1,1,0,0
55,5,155196.17,1,121207.66,742,1,1,0,1,1,0
36,8,143421.74,1,97879.02,607,1,1,1,0,0,0
36,5,0.0,2,109127.54,733,0,1,1,1,0,0
38,9,113599.42,1,11950.29,469,1,1,0,0,0,1
41,1,0.0,2,160607.06,601,0,0,0,1,0,0
40,1,147856.82,3,107961.11,613,1,1,0,0,1,1
31,1,156111.24,1,134790.74,698,0,1,0,0,0,0
45,0,0.0,1,196533.72,623,0,1,1,0,1,1
24,9,79263.9,1,196574.48,684,2,0,0,1,0,0
25,1,111432.13,1,168683.57,522,1,1,1,1,0,0
53,2,45472.28,1,41055.71,564,0,0,1,1,1,0
41,3,0.0,2,108665.89,660,0,1,1,1,0,0
35,1,0.0,2,3701.63,560,0,0,1,0,0,0
25,1,137712.01,1,76197.05,620,1,0,1,1,0,0
33,8,96759.42,1,174777.98,623,1,1,1,1,0,0
59,5,108585.35,1,192127.22,743,1,1,1,1,1,1
28,5,61581.97,1,70179.91,692,0,1,1,1,0,0
25,5,0.0,1,90860.97,681,0,1,0,1,0,0
29,9,144287.6,2,32063.3,524,1,1,1,0,0,0
47,0,117879.32,1,8214.46,590,0,1,1,1,0,0
40,5,0.0,2,70899.27,606,0,1,1,1,0,0
48,0,148116.48,1,116973.48,540,0,1,0,0,0,1
39,2,0.0,3,188150.6,687,2,0,0,0,1,1
27,6,0.0,2,172031.22,600,2,0,1,1,0,0
30,8,0.0,1,36251.0,526,2,1,1,0,0,0
37,1,0.0,2,180551.76,747,2,1,0,1,0,0
46,8,0.0,1,126511.94,529,0,1,0,0,1,0
39,4,0.0,1,172939.3,679,0,0,0,0,1,0
63,1,165350.61,2,140758.07,456,0,0,0,0,1,1
39,2,0.0,2,9041.71,418,0,0,0,0,0,0
37,1,0.0,2,68987.55,645,0,0,1,1,0,0
33,4,124067.32,1,77906.87,694,1,1,1,1,0,0
49,8,0.0,1,25867.67,850,2,1,0,0,1,1
43,10,0.0,2,55313.44,758,2,0,1,1,0,0
24,7,133628.09,2,98570.01,487,0,1,1,1,0,0
42,1,98548.62,2,94047.75,538,1,0,0,1,0,0
38,3,0.0,2,80061.31,809,0,1,1,1,0,0
49,8,0.0,2,12513.07,561,0,0,1,1,0,0
28,8,108601.0,1,119647.7,629,1,1,1,1,0,0
43,3,0.0,2,31705.19,526,2,0,1,0,0,0
27,7,117578.35,2,87908.01,754,1,1,0,1,0,0
30,2,0.0,3,15039.41,694,0,1,0,1,0,0
63,5,162278.32,1,34765.33,520,2,0,1,1,0,0
28,2,109960.06,2,170829.87,784,1,1,1,1,0,0
28,2,101100.22,2,35337.31,850,1,1,1,1,0,0
43,3,0.0,1,83594.51,575,2,1,1,0,0,0
42,3,108010.78,1,157486.1,566,0,1,1,1,0,0
43,8,119654.44,2,148412.24,789,1,1,0,1,1,0
44,2,122314.5,1,68574.88,666,1,0,0,0,1,1
35,6,132253.22,1,115566.57,767,1,0,1,0,1,0
45,0,80793.58,1,27474.81,702,0,1,1,1,0,0
48,4,133994.52,1,19287.06,459,1,1,1,1,1,1
44,1,133866.22,1,139049.24,718,0,0,0,1,0,0
37,5,94901.09,1,48233.75,662,2,1,1,1,0,0
41,3,130931.83,1,144808.37,649,0,0,1,1,0,0
45,3,109032.23,1,155407.21,514,1,0,0,1,1,1
30,6,103804.97,1,125710.53,535,0,1,1,1,0,0
38,1,0.0,2,47764.99,750,0,0,1,0,0,0
34,9,150856.79,1,8236.78,696,0,1,0,1,0,0
37,9,146748.07,1,11407.58,635,1,0,0,1,0,0
46,3,106521.49,1,86587.37,617,2,0,0,1,0,0
27,6,0.0,2,1002.39,650,0,0,1,0,0,0
31,4,61211.18,1,145250.43,577,1,0,1,1,0,0
28,7,124540.28,1,188850.89,755,0,0,0,1,0,0
32,3,0.0,2,197827.06,637,0,1,1,1,0,0
69,6,163975.09,1,36108.5,656,2,1,1,1,0,0
41,8,132838.07,1,175347.28,850,2,1,1,1,0,0
43,9,84673.17,2,82081.35,654,1,1,0,1,0,0
33,3,129834.67,1,193131.42,574,1,1,1,0,0,0
48,5,118207.69,2,186489.14,743,2,0,0,0,1,0
38,6,86569.76,2,98090.91,632,1,0,1,0,0,0
60,9,113715.36,1,18424.24,515,1,1,1,0,1,1
28,4,96679.71,1,49133.45,608,1,1,1,1,0,0
34,9,0.0,2,26057.08,637,2,0,0,0,0,0
31,6,0.0,2,93881.75,629,0,1,1,0,0,0
25,7,90920.75,1,112256.57,665,0,1,0,1,0,0
48,5,0.0,1,160529.71,469,0,0,1,0,1,1
19,9,0.0,1,189641.11,754,2,0,1,0,0,0
37,2,0.0,1,13624.02,673,0,1,1,1,0,0
43,9,79120.27,1,548.52,731,1,0,0,0,1,0
42,8,187534.79,1,32900.41,668,0,1,1,1,1,0
26,3,102395.79,1,119368.99,677,1,0,1,0,0,0
41,9,150463.11,2,81548.38,595,1,0,0,1,0,0
35,2,121968.11,2,188343.05,498,1,1,0,1,0,0
34,5,84009.47,1,137001.1,748,0,1,1,1,0,0
53,1,109330.06,1,75860.01,606,2,0,1,1,0,0
30,6,0.0,1,122604.44,739,0,0,0,0,0,0
33,5,0.0,2,8673.43,771,2,0,1,0,0,0
31,4,0.0,2,189995.86,595,0,1,1,0,0,0
41,10,0.0,2,146257.77,701,0,1,1,1,0,0
36,8,68348.18,2,50400.32,572,0,0,0,1,0,0
30,1,83181.29,1,138176.78,523,0,1,1,1,0,0
24,7,0.0,2,186105.99,764,0,0,1,0,0,0
36,3,0.0,1,65147.27,767,0,1,0,0,0,0
44,4,0.0,2,163471.01,720,0,1,1,0,0,0
32,9,178095.55,1,47247.56,765,2,0,0,0,0,0
30,7,0.0,2,156346.84,615,0,1,1,1,0,0
33,2,122394.0,1,22113.93,582,1,1,1,1,0,0
41,3,0.0,4,197490.39,447,0,1,1,1,1,1
37,9,0.0,3,10656.89,592,2,1,1,1,0,1
32,6,0.0,1,44323.22,833,2,1,1,1,1,0
45,0,139825.56,1,170984.97,771,2,1,0,0,1,1
24,0,97378.54,1,71405.17,594,2,0,1,1,0,0
42,1,190569.23,1,127154.8,537,2,1,0,1,0,0
44,9,0.0,2,87677.15,567,2,1,1,0,0,0
46,2,141726.88,1,58257.23,663,1,0,1,1,0,0
31,7,0.0,2,166720.28,558,2,0,1,0,0,0
25,5,113113.12,1,129181.27,739,1,0,1,0,0,1
47,6,118560.0,1,82522.61,525,2,0,1,0,1,0
34,5,0.0,2,91711.66,498,0,1,1,1,0,0
30,3,111099.79,2,140650.19,562,0,1,0,0,0,0
30,9,0.0,1,87347.82,615,0,0,1,0,0,0
27,8,123599.49,2,1676.92,590,1,0,1,0,0,0
47,2,125724.95,2,63236.97,635,0,0,1,0,0,0
35,8,124098.54,1,86678.48,661,1,1,1,0,0,0
30,6,135370.12,1,179689.05,554,2,1,1,1,1,0
28,2,0.0,2,104353.26,624,2,0,0,1,0,0
43,7,0.0,2,77703.19,569,0,0,1,1,0,0
66,4,0.0,1,1643.11,511,2,0,1,0,1,1
35,9,0.0,1,167033.83,685,0,1,1,0,0,0
37,0,113865.23,2,117396.25,755,1,0,1,1,0,0
29,3,0.0,2,146090.38,549,0,1,1,0,0,0
77,6,80926.02,2,55829.25,639,0,1,1,1,0,0
66,3,0.0,1,70532.53,597,2,0,1,1,0,0
57,3,113386.36,2,65121.63,740,1,0,1,1,1,0
44,9,23503.31,1,169862.01,659,0,0,0,1,1,0
33,8,0.0,2,143706.18,802,0,1,1,0,0,0
50,9,94504.35,1,5078.9,726,1,1,0,1,0,1
55,10,0.0,4,49418.87,797,0,0,1,1,1,1
40,7,145536.9,1,135334.24,702,0,1,0,1,0,0
38,4,88736.44,2,67020.03,593,2,0,1,0,0,0
35,4,0.0,1,8816.37,686,0,1,1,0,0,0
46,0,74458.25,1,6866.31,688,1,0,0,1,0,0
34,5,141173.03,1,98896.06,714,0,1,0,1,0,0
25,5,94049.92,2,103269.0,522,1,0,1,0,0,0
48,1,108076.33,1,118855.26,623,1,0,1,0,1,1
42,1,157498.9,1,82276.62,529,0,1,1,1,0,0
42,0,0.0,1,160828.98,682,0,1,1,1,0,0
35,9,0.0,2,170996.86,701,2,0,0,0,0,0
45,3,146758.24,1,48466.89,679,0,1,1,0,0,0
30,4,137851.31,1,5008.23,777,0,0,1,0,1,0
37,3,96651.03,1,3232.82,592,0,1,1,1,0,0
32,2,136555.01,2,129353.21,521,0,0,1,1,0,0
38,1,88293.13,2,24302.95,545,0,1,1,1,0,0
50,7,109062.28,1,140136.1,666,1,0,1,1,1,0
35,5,106836.67,2,84199.78,676,0,1,1,0,0,0
31,6,0.0,2,26149.25,579,0,1,1,0,0,0
26,2,165947.99,2,168834.38,617,0,0,0,1,0,0
32,2,104336.43,2,59559.81,786,1,0,0,0,0,0
38,3,125385.49,2,52044.66,701,1,1,0,1,0,0
46,8,119492.88,2,166896.01,765,1,0,0,1,1,0
24,10,146126.75,1,88992.05,794,0,1,1,1,0,0
39,5,0.0,2,181461.46,661,0,1,0,0,0,0
57,9,111359.55,2,105715.01,698,0,0,1,0,0,1
47,9,97023.21,1,2168.13,681,0,1,1,1,0,0
36,4,143680.47,2,63531.19,563,2,0,1,1,0,0
66,0,0.0,2,42240.54,639,0,1,0,1,0,0
40,3,113348.5,1,77789.01,614,2,0,1,1,0,0
51,7,0.0,3,38409.79,711,0,1,1,0,1,1
40,8,0.0,2,82870.75,427,2,1,1,1,0,0
30,7,70729.17,1,160948.87,619,0,0,1,1,0,0
38,9,72286.84,2,26136.89,713,0,1,1,1,0,0
33,8,149564.61,1,149913.84,645,1,1,0,0,0,0
41,5,103154.66,1,143203.78,605,2,1,0,0,0,0
45,4,122917.71,1,11.58,709,1,1,1,1,1,1
49,2,0.0,1,114539.67,526,2,1,1,0,1,1
35,4,90413.12,1,20555.21,619,0,0,1,1,0,0
39,10,132287.92,3,51467.92,626,1,1,1,1,1,1
29,7,0.0,2,105448.74,524,0,1,1,1,0,0
62,8,140745.33,1,193437.89,612,1,0,1,0,1,1
32,2,108698.96,2,161069.73,775,0,0,1,1,0,0
39,1,111233.09,1,123995.15,481,2,1,1,1,0,0
33,2,132150.26,2,23067.97,820,0,1,1,0,0,0
42,8,104430.08,1,147557.71,503,0,1,1,1,0,0
82,2,0.0,2,182055.36,700,0,0,0,1,0,0
67,1,149436.73,2,106282.74,763,0,1,0,1,0,0
40,7,100471.34,1,124550.88,652,2,0,1,1,0,0
39,1,160903.2,1,78774.36,623,0,0,0,0,0,0
43,4,148962.76,1,173878.87,765,1,1,0,1,1,0
26,8,86270.93,2,90177.3,573,0,1,1,1,0,0
40,6,0.0,2,173844.89,558,0,1,1,0,0,0
25,3,108738.71,2,106920.57,509,2,0,1,0,0,0
54,9,0.0,1,191212.63,688,0,0,1,0,1,1
24,3,110949.41,1,168515.61,709,0,0,1,1,0,0
73,5,137761.55,1,159677.46,703,2,1,1,1,0,0
52,5,97720.35,2,175070.94,565,1,1,1,0,1,1
35,3,166518.63,2,147930.46,647,1,0,1,0,0,0
33,6,84719.13,2,113048.79,640,0,0,1,1,0,0
30,7,0.0,2,18826.34,692,0,0,1,1,0,0
39,2,112687.69,1,127749.61,584,0,0,1,1,0,0
51,9,110610.41,2,1112.76,665,1,0,0,1,1,0
38,2,154763.21,2,174800.31,809,0,0,1,1,0,0
44,6,76495.04,1,79071.89,657,0,1,1,0,0,0
31,2,112373.49,2,131167.98,630,1,0,1,1,0,0
40,5,0.0,2,162878.96,710,0,1,0,0,0,0
45,7,158621.04,1,120892.96,537,0,0,1,0,1,0
45,8,111257.59,1,97623.42,550,1,0,0,0,1,1
41,7,150302.84,1,156036.19,836,2,0,1,1,0,0
27,1,62092.9,1,105887.04,627,0,1,1,1,0,0
37,6,117271.8,2,104217.96,644,0,1,1,0,1,0
39,6,101851.8,2,7103.71,587,1,0,1,0,0,0
36,8,126598.99,2,134407.93,630,0,0,1,1,0,0
35,7,115651.6,2,104706.29,763,0,0,1,1,0,0
41,8,0.0,2,170886.17,732,0,1,1,1,0,0
25,7,0.0,1,192841.13,503,2,1,0,1,0,0
46,10,0.0,1,73489.15,595,0,1,1,0,1,0
67,9,0.0,3,72318.77,663,0,1,1,1,0,0
74,9,108131.53,1,60830.38,841,0,1,0,1,0,0
64,2,175754.87,2,60721.4,531,1,0,1,1,0,0
33,3,151233.62,1,199336.63,534,2,0,0,0,0,0
37,1,93124.04,2,196079.32,776,1,0,1,1,0,0
38,8,134811.3,1,1299.75,700,0,1,1,0,0,0
23,2,126873.52,1,67040.12,572,2,1,0,1,0,0
30,7,0.0,1,125010.24,514,2,1,0,1,0,0
43,4,137638.69,1,130442.08,626,0,1,1,0,1,0
47,3,0.0,2,171774.5,590,0,1,1,0,0,0
47,10,134032.01,1,144290.97,682,2,0,1,0,0,1
32,9,147506.25,1,135399.21,456,2,1,1,1,0,0
38,1,135289.33,2,152956.33,533,2,1,0,1,0,0
32,7,106957.28,1,134794.02,625,2,1,1,1,0,0
34,1,125566.9,1,176763.27,528,0,1,1,1,0,0
51,5,174397.21,2,172372.63,624,2,1,1,1,0,0
59,1,0.0,1,130260.11,584,2,0,0,1,1,1
39,4,133707.09,1,108152.75,615,0,1,1,1,0,0
21,1,0.0,2,103901.35,555,2,1,0,0,0,0
50,5,0.0,4,83866.35,500,2,0,1,1,1,1
43,9,123105.88,2,145765.83,838,2,1,1,0,0,0
41,3,58820.32,2,138536.09,507,0,1,1,1,0,0
24,6,147360.0,1,25310.82,591,0,1,1,1,0,0
44,8,0.0,2,175314.87,662,0,1,1,1,0,0
43,2,161807.18,2,93228.86,743,2,1,0,1,1,0
53,2,121389.78,1,48201.64,604,0,0,1,1,1,0
37,1,0.0,1,126837.72,777,0,1,1,1,0,0
42,5,0.0,1,72172.13,695,0,0,0,1,1,0
39,10,0.0,2,102999.33,666,0,1,1,0,0,0
34,2,0.0,2,165840.94,831,0,0,0,0,0,0
31,4,55732.92,2,103792.53,470,2,1,1,1,0,0
33,9,89968.69,1,68777.26,608,0,1,1,0,0,0
38,3,127117.8,2,174822.74,812,2,1,1,1,0,0
92,1,126076.24,2,34436.83,705,0,1,1,1,0,0
39,9,0.0,2,28368.37,427,2,0,1,0,0,0
28,2,0.0,2,92067.35,586,2,0,1,1,0,0
47,0,160729.1,1,145986.35,535,0,1,0,1,0,0
35,4,0.0,2,106303.4,753,0,1,1,1,0,0
25,1,102585.88,2,115387.4,617,0,1,1,1,0,0
32,8,0.0,2,95857.18,514,0,1,1,0,0,0
39,1,50880.98,2,184023.54,725,1,1,1,1,0,0
26,8,96659.64,2,138775.69,644,2,1,1,1,0,0
42,6,0.0,2,123410.23,586,2,1,1,1,0,0
52,1,63349.75,1,108887.44,605,0,1,1,0,0,1
27,1,152283.39,1,183271.15,558,0,1,1,0,0,0
38,7,0.0,2,185827.74,657,0,1,1,0,0,0
18,8,134796.87,2,114858.9,677,2,1,1,1,0,0
30,4,0.0,2,66263.87,502,0,1,1,1,0,0
64,2,105736.32,1,89935.73,595,1,0,1,1,1,0
36,9,131307.11,1,83343.73,613,0,1,0,0,0,0
37,3,109974.22,1,36320.87,705,1,0,1,1,1,0
34,6,146178.13,2,88837.11,686,0,1,1,1,0,0
32,5,175214.71,1,155165.61,548,1,1,1,1,0,0
41,8,142015.76,2,114323.66,619,1,0,1,0,0,0
35,0,135984.15,2,186778.89,606,0,0,1,0,0,0
51,4,40685.92,1,46775.28,614,0,1,1,1,0,0
59,8,152614.51,2,188782.3,666,1,0,1,1,0,0
21,8,132312.06,1,106663.46,731,1,0,1,0,1,0
33,1,123082.08,1,134960.98,680,0,1,1,0,0,0
30,10,0.0,2,19500.1,710,2,0,1,0,0,0
62,3,118233.81,1,24765.53,593,1,0,0,1,1,1
36,4,0.0,2,147007.33,807,0,0,0,1,0,0
29,5,197200.04,2,141453.62,640,2,1,1,0,0,0
36,4,0.0,2,190911.02,743,0,1,1,1,0,0
41,6,0.0,1,25571.37,788,0,0,1,1,0,0
43,9,127806.91,1,73069.59,735,0,1,1,1,0,0
44,2,121250.04,1,79691.4,497,2,1,0,1,0,0
40,9,0.0,2,33266.29,516,0,0,0,1,0,0
44,5,0.0,4,117572.59,629,0,1,0,0,1,1
44,3,105770.7,3,60533.96,555,0,0,1,0,1,1
54,2,0.0,2,53843.71,639,2,0,1,1,0,0
71,0,0.0,1,175380.77,650,2,1,1,1,0,0
29,1,0.0,1,82422.97,744,0,1,0,0,0,0
40,2,0.0,2,129956.13,565,0,0,1,1,0,0
28,3,0.0,2,53394.12,619,0,0,1,0,0,0
34,1,112572.39,1,165626.6,574,0,1,0,0,0,0
34,6,110717.38,1,9398.45,720,0,0,1,1,0,0
39,6,130694.89,2,153955.38,648,0,0,1,1,1,0
62,0,167026.61,2,192892.05,612,2,0,1,1,0,0
33,8,115130.34,1,129525.5,776,1,1,0,0,1,0
47,6,0.0,1,32080.69,686,2,0,1,0,1,1
40,5,105683.63,1,173617.09,654,2,1,1,0,0,0
43,2,0.0,1,55119.53,676,0,0,1,1,0,0
33,9,124573.33,2,683.37,667,1,1,0,0,0,0
45,9,105525.65,2,73418.29,518,0,0,1,1,0,0
36,4,0.0,2,130789.15,700,0,0,1,0,0,0
32,3,0.0,1,94790.34,710,0,0,1,0,0,0
40,4,0.0,2,25399.7,528,2,1,1,0,0,0
60,3,0.0,2,78194.37,748,2,1,1,1,0,0
42,7,115930.87,1,19862.78,663,1,1,1,0,0,1
43,5,0.0,2,113079.19,743,0,1,0,0,1,0
38,6,142263.45,1,33730.43,753,0,0,0,1,0,0
34,8,108653.93,1,144725.14,542,2,1,0,1,0,0
45,4,45144.43,1,60917.24,643,0,0,1,0,1,1
47,10,91522.04,2,138835.91,734,1,0,1,1,0,0
30,3,0.0,2,145490.85,522,2,1,1,0,0,0
34,2,117731.79,2,55120.79,662,0,1,0,1,0,0
31,8,0.0,2,169915.02,603,0,1,1,1,0,0
48,6,0.0,2,191870.28,550,0,0,1,1,0,0
29,2,0.0,2,18255.51,706,2,1,1,1,0,0
45,6,53667.44,1,115022.94,628,1,0,1,0,0,1
35,1,118894.22,1,2923.61,430,0,1,0,0,0,0
46,6,62212.29,1,171681.86,516,0,0,0,1,1,1
51,3,0.0,1,170426.65,653,0,1,1,0,1,1
56,9,104217.3,1,55857.48,504,1,1,0,0,1,1
38,5,130878.75,3,71905.77,816,1,0,1,0,1,1
32,3,137714.25,1,159403.68,850,1,1,0,1,0,0
43,3,0.0,2,2465.8,850,0,0,0,0,0,0
37,8,0.0,3,71738.56,709,2,0,1,0,0,0
38,2,71667.97,2,137111.89,602,1,1,0,0,0,0
62,1,64119.38,1,76569.64,445,2,1,1,1,1,0
31,9,111589.67,1,150037.19,507,1,1,1,0,0,0
43,10,105301.5,1,78941.59,818,1,1,1,1,0,0
42,1,112419.92,1,83022.92,744,0,1,1,1,0,0
36,5,91132.18,1,58111.71,526,2,0,0,0,0,0
54,2,0.0,1,149583.67,675,0,1,1,0,1,1
61,8,0.0,2,118522.73,676,0,0,1,1,0,0
64,6,145215.43,1,164083.72,579,1,0,1,1,0,0
37,2,137794.18,2,75232.02,806,2,0,0,1,0,0
21,9,0.0,2,26327.42,701,2,0,1,1,0,0
35,10,124525.52,1,193793.78,569,0,1,1,1,0,0
34,10,0.0,2,26260.98,476,0,0,1,0,0,0
38,2,142289.28,1,119638.85,591,0,0,0,1,0,0
37,2,0.0,2,143194.05,746,0,1,1,0,0,0
34,8,0.0,2,27472.07,838,0,0,1,0,0,0
67,6,151858.98,1,72814.31,816,2,1,1,1,0,0
49,10,82321.88,1,11144.4,718,2,0,0,1,0,0
43,1,110646.54,1,108804.28,774,2,0,0,0,0,0
44,3,139432.37,1,62222.81,590,2,0,1,0,0,0
46,3,97042.6,1,133516.51,720,1,1,1,1,1,0
38,5,130170.82,1,149599.62,639,1,1,1,1,0,0
24,7,0.0,2,16319.56,563,2,1,0,0,0,0
40,8,28649.64,1,95140.62,567,2,1,1,1,0,0
35,7,87619.29,1,143.34,621,0,1,1,0,0,0
22,8,0.0,2,107615.43,798,0,1,1,0,0,0
33,7,76548.6,1,98453.45,804,2,1,0,1,0,0
51,8,100654.8,1,171587.9,631,0,1,1,0,0,1
30,2,145127.85,1,7554.68,756,2,1,0,0,0,0
43,4,202443.47,1,72375.03,736,0,1,1,0,0,1
42,3,75075.31,2,92888.52,772,1,1,1,0,1,0
36,5,0.0,2,161428.25,732,0,1,1,0,0,0
35,1,106518.52,1,127951.81,710,2,1,1,1,0,0
40,1,111524.49,1,120373.84,453,1,0,1,1,1,0
35,1,0.0,2,3385.04,819,0,1,0,1,0,0
38,1,115341.55,1,173632.92,584,0,1,0,1,0,0
39,5,0.0,2,32615.21,625,0,0,1,0,0,0
45,4,0.0,1,131807.14,558,2,1,1,0,0,0
58,8,0.0,2,65708.5,680,2,0,1,1,0,0
38,9,0.0,2,20940.76,744,0,0,0,0,0,0
46,6,0.0,2,161767.38,725,0,1,1,0,0,0
62,5,114931.35,3,18260.98,564,1,0,0,1,1,1
32,7,0.0,2,44099.75,527,0,0,1,1,0,0
39,3,118336.14,1,184691.77,636,0,0,1,0,0,0
27,9,122550.05,2,137835.82,684,0,0,0,1,0,0
37,9,0.0,2,17974.08,650,0,1,1,0,0,0
51,6,144237.91,4,157143.61,698,0,0,1,0,1,1
34,9,0.0,2,20460.2,592,0,0,1,1,0,0
36,1,97234.58,1,188997.08,679,0,1,1,0,0,0
35,9,112727.06,2,183752.91,494,0,0,1,0,0,0
28,9,82498.14,2,40437.67,717,1,0,0,0,0,0
31,8,0.0,2,17550.49,751,0,1,0,0,0,0
42,0,0.0,1,136377.21,680,2,1,1,0,0,0
53,8,117005.55,1,123646.57,635,1,1,0,1,1,1
29,5,108541.04,1,126469.09,576,0,0,1,1,0,0
43,8,127132.96,1,6009.27,673,2,1,0,1,1,0
49,2,0.0,1,192298.84,818,0,0,0,1,1,1
26,1,138023.79,2,117060.2,642,0,1,0,1,0,0
30,7,109805.3,1,163625.56,666,0,1,0,1,0,0
29,8,0.0,2,123437.05,842,0,1,1,1,0,0
22,0,100885.93,2,38772.65,539,0,0,1,1,0,0
46,10,95502.21,1,19842.18,600,0,1,0,0,0,0
36,1,118851.05,1,102747.02,725,0,0,1,1,0,0
20,4,0.0,2,119759.24,670,2,0,1,0,0,0
48,7,0.0,2,150694.58,723,0,1,1,1,0,0
40,6,148790.61,1,79329.7,480,0,1,0,1,0,0
43,1,0.0,2,196645.87,559,0,0,1,1,0,0
34,3,0.0,2,3894.34,522,0,0,1,1,0,0
41,5,0.0,1,115753.94,724,2,1,0,1,0,0
53,7,106261.63,1,93629.66,600,1,1,1,0,1,1
30,9,113672.18,2,102135.92,602,2,1,0,0,0,0
23,7,139224.92,2,65057.71,715,0,1,1,0,0,0
47,6,109387.33,1,121365.45,516,0,0,0,0,0,1
41,6,153238.88,1,11663.09,422,0,1,1,0,0,0
26,4,135889.13,1,165692.03,736,2,0,1,1,0,0
44,3,0.0,2,189016.14,744,0,0,1,1,0,0
33,1,99106.73,1,194467.23,717,2,1,0,0,0,0
46,2,99786.07,1,32683.88,601,0,1,1,1,1,0
45,4,110765.68,1,26163.74,770,1,1,1,0,1,1
41,10,0.0,3,81602.02,670,0,0,1,0,0,1
31,7,41299.03,1,102681.32,671,0,0,0,1,0,0
35,3,0.0,2,90876.95,732,0,0,1,0,0,0
54,4,137986.58,2,51308.54,714,1,1,0,1,1,0
67,2,94203.8,1,102391.06,729,0,1,0,1,0,0
40,9,0.0,2,40463.03,694,0,1,1,0,0,0
32,1,106301.85,2,59061.25,606,1,0,0,1,0,0
38,7,0.0,2,45779.9,729,0,0,0,0,0,0
41,8,115144.68,1,188905.43,652,2,1,1,0,0,0
51,2,116574.84,1,4121.04,648,1,0,1,0,1,1
35,7,122917.69,1,76169.68,777,1,1,1,1,0,0
41,9,115465.28,1,103174.5,849,0,0,1,0,0,0
39,10,0.0,1,160810.85,405,0,1,1,0,1,0
43,7,0.0,2,52534.81,569,0,1,1,0,0,0
32,9,0.0,2,24991.92,683,0,0,1,1,0,0
28,3,0.0,2,170661.02,468,2,1,1,0,0,0
43,10,0.0,2,149629.13,554,0,0,1,0,1,0
35,7,127801.88,1,84239.46,540,1,1,0,1,0,0
32,2,0.0,2,132002.83,547,0,0,1,0,0,0
24,8,108528.07,2,179488.41,615,1,1,0,0,1,0
33,8,96769.04,1,36864.05,663,2,0,1,1,0,0
30,5,94443.77,1,165614.4,643,0,1,1,1,0,0
35,8,155621.08,1,35177.31,675,2,0,0,1,0,0
43,2,160416.56,1,37266.43,701,0,0,0,1,0,0
61,0,125193.96,1,109356.53,521,1,0,1,1,0,1
30,6,106629.49,1,44114.88,569,1,1,0,1,0,0
35,8,14262.8,2,54689.16,702,2,0,1,0,0,0
32,9,100262.88,2,157921.25,503,2,1,1,1,0,0
45,0,135827.33,2,131778.58,821,1,1,1,1,0,0
38,4,113607.47,1,91094.46,764,2,1,1,0,0,0
38,8,88758.95,2,28226.15,538,0,0,0,0,1,0
39,4,95252.72,1,13906.34,800,1,1,1,0,0,0
46,1,0.0,1,158750.53,577,0,0,1,1,0,1
46,4,0.0,2,58667.16,597,2,0,1,0,1,0
41,6,143350.41,1,192070.16,543,1,1,1,1,1,0
37,3,111432.77,2,167032.49,634,1,1,1,1,0,0
27,5,125167.74,1,199104.52,613,0,0,1,0,0,0
49,8,172713.44,1,113860.81,584,0,1,1,0,0,0
40,8,0.0,2,62933.03,590,0,1,1,0,0,0
38,10,86977.96,1,37094.75,668,0,1,0,1,0,0
44,0,129974.79,2,33391.38,680,1,1,1,1,0,0
37,7,0.0,2,20306.79,749,0,1,1,0,0,0
33,6,0.0,2,95500.98,465,2,0,1,1,0,0
24,3,0.0,2,102195.16,688,2,0,1,1,0,0
54,5,92877.33,1,2619.64,549,1,1,1,0,1,1
70,1,96947.58,3,62282.99,850,1,0,1,0,1,1
39,6,0.0,1,85167.88,815,2,0,1,1,0,0
39,5,80615.46,2,180962.32,727,1,1,0,0,0,0
35,2,109196.66,3,109393.19,569,1,1,1,0,1,1
49,1,0.0,2,102472.9,678,2,0,1,1,0,0
48,2,0.0,2,137961.41,559,0,0,0,1,0,0
43,2,0.0,2,132908.07,809,0,1,1,1,0,0
39,7,167557.12,1,41183.02,667,2,1,1,1,0,0
34,6,0.0,2,171021.44,590,2,0,1,0,0,0
45,7,157332.26,1,125424.42,743,2,1,1,0,0,0
48,5,143595.87,1,101314.65,657,1,0,0,0,1,1
35,8,100988.39,2,22247.27,687,2,1,1,0,0,0
40,1,134590.21,1,46253.65,807,1,0,1,1,0,0
26,8,78892.23,1,23703.52,601,0,0,1,1,0,0
33,9,0.0,2,1118.31,773,0,1,1,1,0,0
41,4,153198.23,1,92090.36,597,0,1,1,1,0,0
30,3,156660.72,2,45742.42,701,0,1,1,0,0,0
39,2,0.0,2,137651.6,537,0,1,1,1,0,0
36,1,44054.84,1,73329.08,614,2,0,1,1,0,0
28,3,96381.68,2,181419.29,611,2,0,1,0,0,0
45,7,135643.0,1,143619.52,755,1,0,0,0,1,1
48,0,0.0,2,149772.61,705,0,0,0,0,0,0
37,3,129965.18,1,19374.08,540,1,1,0,0,0,0
37,9,0.0,2,73225.31,740,0,0,1,1,0,0
55,2,155828.22,1,108987.25,638,2,0,0,1,1,0
30,5,0.0,2,179066.58,676,2,0,0,0,0,0
48,8,115115.38,1,139558.6,680,1,0,1,0,1,1
40,7,74896.92,1,198694.2,685,2,1,1,0,0,0
67,1,130652.52,1,22762.23,738,0,0,0,1,0,0
58,4,0.0,1,62449.07,777,0,0,1,1,1,1
36,7,0.0,2,104786.59,683,2,0,1,0,0,0
35,5,163856.76,1,15118.2,574,1,1,1,1,0,0
29,9,0.0,1,80393.27,601,0,1,1,1,0,0
24,2,87413.19,1,63340.65,634,0,0,1,0,0,0
43,3,127940.47,1,125140.72,577,1,0,0,0,1,0
59,9,126224.87,1,4423.63,783,2,0,1,1,0,0
36,7,0.0,1,47318.75,677,0,0,1,0,0,0
36,1,104077.19,2,68594.0,850,0,1,0,1,0,0
29,7,0.0,2,23237.25,850,2,0,1,0,0,0
21,1,0.0,2,3494.02,693,0,1,1,1,0,0
63,7,123204.88,1,100538.8,718,1,1,1,1,0,0
38,3,132951.92,1,124486.28,568,0,0,0,1,0,0
23,5,113923.81,2,196241.43,580,0,0,0,0,0,0
39,4,150500.64,1,14928.8,591,0,0,1,0,0,0
32,6,169089.38,2,101057.95,622,0,0,1,0,0,0
40,2,99886.42,2,88695.19,591,0,1,1,1,0,0
66,8,103291.25,2,130664.79,537,1,1,1,1,0,0
37,9,156091.97,1,72008.61,633,0,0,1,0,0,0
56,5,111642.08,1,80553.87,686,1,0,1,1,0,1
27,3,0.0,3,129130.09,714,2,1,1,1,0,0
34,9,134260.36,2,147074.67,710,1,1,1,0,0,0
48,1,179380.74,2,69263.1,547,0,0,0,1,0,0
63,10,0.0,2,30772.86,634,2,1,1,0,1,1
32,7,127849.38,1,15798.7,604,0,0,1,0,0,0
30,2,0.0,2,199099.51,616,2,1,1,0,0,0
47,1,122949.14,1,180251.68,581,0,0,0,0,1,1
38,8,59360.77,1,191457.06,603,0,1,1,1,0,0
41,2,127087.06,1,102402.91,622,0,1,1,0,1,0
25,2,0.0,2,95215.73,448,2,1,0,0,0,0
47,1,0.0,1,128882.66,560,2,1,0,0,1,1
37,8,69143.91,2,105780.18,743,0,1,0,1,0,0
30,1,0.0,1,181300.32,705,0,1,1,1,0,0
74,5,161434.36,2,65532.17,593,1,1,1,1,0,0
60,6,96956.1,1,31907.44,798,0,0,1,0,1,1
43,7,0.0,2,36202.74,520,2,1,1,1,0,0
36,7,206329.65,1,46632.87,564,0,0,1,1,1,0
32,8,0.0,1,133653.38,648,2,1,1,0,0,0
35,1,0.0,2,165370.66,638,2,1,1,0,0,0
34,5,164757.56,1,110748.88,671,0,0,1,0,0,0
37,6,0.0,2,141998.89,540,0,1,1,0,0,0
36,3,97530.25,1,117140.41,694,0,1,1,1,0,0
35,0,0.0,2,184514.01,827,2,0,0,1,0,0
37,8,0.0,2,933.38,763,2,1,1,1,0,0
36,6,145387.32,2,169963.2,580,1,0,1,1,1,0
45,3,143734.01,2,96404.38,549,1,0,1,1,0,0
30,8,0.0,2,199644.2,792,0,1,1,0,0,0
42,3,0.0,2,82565.01,713,0,0,0,0,0,0
29,8,0.0,2,34747.43,600,0,1,0,1,0,0
41,5,0.0,3,151256.22,612,0,1,0,0,0,1
32,0,91956.49,1,59961.81,694,0,1,1,1,0,0
43,6,0.0,2,57675.88,772,0,1,1,1,0,0
24,3,161884.99,1,9617.24,733,0,0,1,1,0,0
43,8,0.0,2,100618.17,622,0,1,1,0,0,0
43,2,85162.26,1,5104.08,597,2,1,0,1,1,0
38,1,0.0,1,45015.38,636,0,0,1,0,0,0
54,3,125889.3,3,96013.5,705,1,0,1,0,1,1
32,0,0.0,2,878.87,416,0,1,0,1,0,0
37,8,0.0,2,44215.86,481,2,0,1,0,0,0
38,5,126645.13,1,168303.55,565,0,0,1,1,0,0
35,7,124616.23,1,69320.97,712,0,1,1,1,0,0
38,8,0.0,1,77661.12,414,0,1,0,1,1,0
45,1,0.0,1,125939.22,589,2,0,0,0,1,0
38,6,115702.67,2,25059.05,597,2,1,1,1,0,0
31,1,186796.37,1,178252.63,818,0,0,0,0,0,0
38,1,0.0,2,99661.46,716,0,0,1,1,0,0
37,4,140211.88,1,93832.33,623,0,0,1,1,0,0
23,2,0.0,2,153983.99,763,0,0,1,0,0,0
33,8,0.0,2,156792.89,449,2,0,0,0,0,0
52,8,59669.43,1,172495.81,646,0,1,0,0,1,1
19,3,150348.37,1,173784.04,598,1,1,1,1,0,0
33,4,72535.45,1,103931.49,721,2,0,1,1,0,0
57,9,138456.03,2,103548.25,600,1,1,1,1,0,0
41,9,98612.1,1,151349.35,673,1,0,1,0,0,0
40,7,124339.9,1,193309.58,613,0,1,0,0,0,0
25,5,114268.85,2,126728.27,505,1,0,1,1,0,0
45,8,88656.37,2,116547.31,794,2,1,1,0,0,0
35,5,126397.66,1,156361.58,658,0,0,0,0,1,0
50,9,130023.38,1,62989.82,805,1,1,1,0,1,1
36,9,137688.71,1,46884.1,711,0,1,1,1,0,0
42,1,146766.72,2,164357.1,635,0,1,0,1,0,0
27,8,90721.52,2,109296.18,598,2,1,1,0,0,0
32,6,123157.95,1,172531.23,688,0,0,1,0,0,0
36,3,65253.07,2,28737.78,721,1,0,1,0,0,0
42,7,121453.63,1,46374.64,695,0,0,0,0,0,0
19,5,0.0,1,176903.35,613,2,1,1,1,0,0
36,3,91286.51,1,63085.94,628,1,0,1,0,0,0
62,2,0.0,2,25438.87,732,0,1,1,1,0,0
35,5,128415.45,1,142626.49,661,2,0,1,0,0,0
27,8,0.0,1,20066.38,588,0,0,1,0,0,0
24,9,0.0,2,14406.41,549,2,0,1,1,0,0
36,4,118520.26,1,131173.9,725,2,0,0,0,1,0
60,7,0.0,2,163691.48,429,0,1,1,1,0,0
55,9,110123.59,1,51548.14,745,0,0,0,1,1,0
62,3,0.0,1,65010.74,626,2,1,1,1,0,0
27,3,87739.08,1,123096.56,557,0,0,1,1,0,0
45,0,0.0,2,70399.71,550,2,1,0,1,0,0
28,2,171932.26,2,9578.24,458,1,0,1,1,0,0
40,6,124788.18,1,65612.12,850,0,1,1,0,0,0
35,10,59408.63,1,76773.53,543,2,1,1,0,0,0
38,9,122570.87,1,35608.88,687,0,1,1,1,0,0
18,9,90544.0,1,4777.23,684,1,1,0,1,0,0
71,4,0.0,2,107236.87,850,0,0,1,1,0,0
43,4,115888.04,1,117349.19,683,1,0,1,1,1,0
44,6,134066.1,2,197572.41,691,0,0,1,1,0,0
53,5,98268.84,1,45038.29,602,1,0,0,1,1,1
25,10,0.0,1,109895.16,609,0,1,0,1,0,0
47,7,0.0,1,33373.26,730,0,0,1,0,1,1
29,4,0.0,1,76755.99,692,0,1,1,0,1,0
39,1,115341.19,1,107674.3,628,1,1,1,1,1,0
